{
  "mean": [
    5.023131370544434,
    24.607139587402344,
    4.794292449951172,
    1.5046998262405396,
    0.9057876467704773,
    0.13109201192855835,
    10.452959060668945,
    0.0,
    0.0,
    18.064136505126953,
    1.3326077461242676,
    12.192652702331543,
    28.14892578125,
    1.995009183883667,
    25.127458572387695,
    1.004625916481018,
    0.01209329441189766,
    255.85910034179688,
    15139.1611328125,
    0.0,
    5.122888088226318,
    0.17843273282051086,
    -0.0162928719073534,
    0.0,
    0.0,
    0.0
  ],
  "std": [
    19.820884704589844,
    29.945127487182617,
    10.881980895996094,
    4.1347761154174805,
    0.20673005282878876,
    0.4986121654510498,
    14.182449340820312,
    1.0,
    1.0,
    28.897289276123047,
    0.790444552898407,
    5.417937755584717,
    17.416467666625977,
    0.07052890211343765,
    24.383010864257812,
    3.96417498588562,
    1.0016669034957886,
    317.20361328125,
    19073.630859375,
    1.0,
    12.986795425415039,
    5.959569931030273,
    0.5064837336540222,
    1.0,
    1.0,
    1.0
  ],
  "feature_cols": [
    "refill_count",
    "refill_speed_mean_ms",
    "refill_speed_std_ms",
    "refill_size_ratio_mean",
    "refill_size_consistency",
    "price_persistence_s",
    "aggressor_volume_absorbed",
    "dom_imbalance_at_level",
    "book_depth_recovery_rate",
    "trade_intensity",
    "session_label",
    "hour_of_day",
    "minute_of_hour",
    "volatility_bucket",
    "atr_5min_raw",
    "refill_velocity",
    "refill_velocity_trend",
    "cumulative_absorbed_volume",
    "level_lifetime_s",
    "time_since_last_trade_at_vanish_ms",
    "price_excursion_beyond_level_ticks",
    "underflow_volume",
    "iceberg_sequence_direction_score",
    "ofi_rate",
    "vot",
    "inst_volatility_ticks"
  ]
}