{
  "train_loss": [
    0.11301984891294982,
    0.08294136117480744,
    0.0722946993315968,
    0.06620469075873522,
    0.06369507046584279,
    0.061953463588563976,
    0.06032817419636965,
    0.05678912277400189,
    0.05628530227072307,
    0.05582557628637626,
    0.055759879108014,
    0.05553262577428311,
    0.05535118042644122,
    0.05375023679996847,
    0.05373866511982472,
    0.05363109407796173,
    0.05349325149585518,
    0.053490391606508654,
    0.053360682064702,
    0.052793189877033256,
    0.05273675225929597,
    0.05253126271166203,
    0.05250830744252484,
    0.05254022302687307,
    0.052584730249430355,
    0.052181174465179066,
    0.05218532160986203,
    0.05204213614828957,
    0.05205511267639626,
    0.05202366318849541,
    0.052152133461028094,
    0.0519197813726314,
    0.05182897087572144,
    0.05200063698161688,
    0.05181871609713791,
    0.0518334504533953,
    0.05175322538222415,
    0.051766675572319516,
    0.05169462933209943,
    0.05170578798481193,
    0.05162363535153524,
    0.05167467508832362,
    0.05155342420838613,
    0.051568123269228265,
    0.05159492570447824,
    0.05147229876634436,
    0.051594839962954185,
    0.05158969609613076,
    0.05157856612442297,
    0.05159267222370892
  ],
  "val_loss": [
    4017496126.8788137,
    4017496128.8687835,
    4017496126.34953,
    4017496127.9410963,
    4017496126.8957505,
    4017496126.919354,
    4017496126.942852,
    4017496126.9085364,
    4017496126.942333,
    4017496126.7893705,
    4017496125.967175,
    4017496126.9210796,
    4017496126.801821,
    4017496126.897578,
    4017496126.9114604,
    4017496126.893553,
    4017496126.8967695,
    4017496126.9010115,
    4017496126.8989105,
    4017496127.145383,
    4017496126.90424,
    4017496126.951306,
    4017496126.8976216,
    4017496126.9174047,
    4017496126.9004908,
    4017496126.907056,
    4017496126.801332,
    4017496126.9047627,
    4017496126.8908615,
    4017496126.9070177,
    4017496126.869295,
    4017496126.9074426,
    4017496126.9231024,
    4017496126.9104123,
    4017496126.904675,
    4017496126.95004,
    4017496126.906636,
    4017496126.90894,
    4017496126.9093966,
    4017496126.931077,
    4017496126.9017153,
    4017496126.8986754,
    4017496126.9132495,
    4017496126.9028816,
    4017496126.9158196,
    4017496126.9025116,
    4017496126.924451,
    4017496126.913804,
    4017496126.9131155,
    4017496126.90163
  ],
  "best_epoch": 11,
  "checkpoint_path": "/opt/ml/model/stage1_autoencoder.pt"
}