ts,direction,level
2023-01-03 00:30:00+00:00,1,1836.2
2023-01-03 08:30:00+00:00,-1,1849.15
2023-01-03 12:30:00+00:00,1,1839.65
2023-01-03 15:30:00+00:00,-1,1842.6
2023-01-03 17:30:00+00:00,1,1841.4
2023-01-03 23:30:00+00:00,-1,1844.4
2023-01-04 02:00:00+00:00,1,1847.95
2023-01-04 10:30:00+00:00,-1,1865.6
2023-01-04 13:30:00+00:00,1,1863.0
2023-01-04 18:00:00+00:00,-1,1860.45
2023-01-05 01:30:00+00:00,1,1861.65
2023-01-05 04:00:00+00:00,-1,1859.2
2023-01-05 17:30:00+00:00,1,1837.3
2023-01-06 05:00:00+00:00,-1,1842.95
2023-01-06 06:30:00+00:00,1,1842.75
2023-01-06 09:00:00+00:00,-1,1842.05
2023-01-06 14:00:00+00:00,1,1845.55
2023-01-06 21:00:00+00:00,-1,1872.65
2023-01-08 23:30:00+00:00,1,1871.85
2023-01-09 17:30:00+00:00,-1,1877.65
2023-01-10 01:30:00+00:00,1,1876.3000000000002
2023-01-10 12:30:00+00:00,-1,1878.35
2023-01-10 14:30:00+00:00,1,1878.65
2023-01-10 17:00:00+00:00,-1,1878.75
2023-01-10 19:30:00+00:00,1,1880.05
2023-01-11 01:30:00+00:00,-1,1879.5
2023-01-11 05:30:00+00:00,1,1883.1
2023-01-11 12:00:00+00:00,-1,1887.9
2023-01-11 17:00:00+00:00,1,1876.4499999999998
2023-01-12 23:00:00+00:00,-1,1900.4499999999998
2023-01-13 00:00:00+00:00,1,1900.6
2023-01-13 05:00:00+00:00,-1,1899.6
2023-01-13 06:30:00+00:00,1,1897.6
2023-01-13 11:30:00+00:00,-1,1906.9
2023-01-13 14:00:00+00:00,1,1901.9
2023-01-16 05:00:00+00:00,-1,1926.4499999999998
2023-01-16 09:30:00+00:00,1,1916.75
2023-01-16 17:00:00+00:00,-1,1917.6
2023-01-16 23:30:00+00:00,1,1919.35
2023-01-17 01:30:00+00:00,-1,1919.65
2023-01-17 08:00:00+00:00,1,1911.85
2023-01-17 17:30:00+00:00,-1,1912.0
2023-01-17 20:00:00+00:00,1,1909.55
2023-01-18 03:00:00+00:00,-1,1909.0
2023-01-18 06:30:00+00:00,1,1901.65
2023-01-18 15:30:00+00:00,-1,1920.65
2023-01-19 00:00:00+00:00,1,1907.7
2023-01-19 01:30:00+00:00,-1,1905.75
2023-01-19 03:00:00+00:00,1,1906.25
2023-01-19 09:30:00+00:00,-1,1913.35
2023-01-19 14:00:00+00:00,1,1914.1999999999998
2023-01-20 00:30:00+00:00,-1,1933.1
2023-01-20 06:00:00+00:00,1,1927.4
2023-01-20 14:00:00+00:00,-1,1927.7
2023-01-20 19:00:00+00:00,1,1929.1999999999998
2023-01-20 21:00:00+00:00,-1,1929.4
2023-01-23 00:30:00+00:00,1,1929.15
2023-01-23 04:00:00+00:00,-1,1932.85
2023-01-23 10:00:00+00:00,1,1926.35
2023-01-23 11:30:00+00:00,-1,1927.5
2023-01-23 16:00:00+00:00,1,1921.85
2023-01-24 04:00:00+00:00,-1,1935.2
2023-01-24 05:30:00+00:00,1,1934.8
2023-01-24 09:30:00+00:00,-1,1938.15
2023-01-24 16:00:00+00:00,1,1932.4
2023-01-25 03:00:00+00:00,-1,1937.1999999999998
2023-01-25 06:30:00+00:00,1,1930.1
2023-01-25 10:30:00+00:00,-1,1928.0
2023-01-25 14:30:00+00:00,1,1927.95
2023-01-26 00:30:00+00:00,-1,1948.1
2023-01-26 03:30:00+00:00,1,1946.5
2023-01-26 07:00:00+00:00,-1,1946.65
2023-01-26 18:30:00+00:00,1,1928.85
2023-01-26 21:00:00+00:00,-1,1930.45
2023-01-27 00:00:00+00:00,1,1930.65
2023-01-27 01:30:00+00:00,-1,1932.15
2023-01-27 05:30:00+00:00,1,1923.3
2023-01-27 14:30:00+00:00,-1,1944.65
2023-01-27 16:30:00+00:00,1,1944.55
2023-01-27 20:30:00+00:00,-1,1945.9
2023-01-30 04:30:00+00:00,1,1944.65
2023-01-30 07:30:00+00:00,-1,1945.0
2023-01-30 09:30:00+00:00,1,1939.35
2023-01-30 11:30:00+00:00,-1,1941.4
2023-01-30 12:30:00+00:00,1,1940.85
2023-01-31 03:30:00+00:00,-1,1939.3000000000002
2023-01-31 13:00:00+00:00,1,1920.85
2023-02-01 02:30:00+00:00,-1,1941.4
2023-02-01 03:30:00+00:00,1,1941.4
2023-02-01 08:00:00+00:00,-1,1941.1999999999998
2023-02-01 11:30:00+00:00,1,1943.4499999999998
2023-02-01 17:00:00+00:00,-1,1942.4499999999998
2023-02-01 20:00:00+00:00,1,1950.0
2023-02-02 14:00:00+00:00,-1,1964.25
2023-02-03 00:00:00+00:00,1,1927.7
2023-02-03 08:00:00+00:00,-1,1928.3
2023-02-03 12:00:00+00:00,1,1927.45
2023-02-03 13:30:00+00:00,-1,1928.5
2023-02-06 02:00:00+00:00,1,1883.75
2023-02-06 09:30:00+00:00,-1,1889.0
2023-02-06 12:30:00+00:00,1,1884.5500000000002
2023-02-06 15:30:00+00:00,-1,1882.35
2023-02-06 19:00:00+00:00,1,1880.5
2023-02-06 20:00:00+00:00,-1,1880.5500000000002
2023-02-06 21:00:00+00:00,1,1880.0500000000002
2023-02-07 11:00:00+00:00,-1,1885.35
2023-02-07 16:00:00+00:00,1,1885.7
2023-02-07 20:30:00+00:00,-1,1884.15
2023-02-08 00:30:00+00:00,1,1885.65
2023-02-08 10:30:00+00:00,-1,1895.15
2023-02-08 18:30:00+00:00,1,1889.3000000000002
2023-02-08 20:30:00+00:00,-1,1888.15
2023-02-09 02:00:00+00:00,1,1887.75
2023-02-09 09:30:00+00:00,-1,1894.9
2023-02-09 14:00:00+00:00,1,1896.05
2023-02-09 15:00:00+00:00,-1,1895.5
2023-02-10 06:00:00+00:00,1,1867.1999999999998
2023-02-10 09:30:00+00:00,-1,1877.2
2023-02-10 14:00:00+00:00,1,1876.4
2023-02-13 04:00:00+00:00,-1,1870.9499999999998
2023-02-13 06:30:00+00:00,1,1872.4
2023-02-13 09:30:00+00:00,-1,1869.95
2023-02-13 11:00:00+00:00,1,1869.3000000000002
2023-02-13 13:30:00+00:00,-1,1869.5
2023-02-13 18:30:00+00:00,1,1863.65
2023-02-14 11:00:00+00:00,-1,1870.35
2023-02-14 18:30:00+00:00,1,1862.0500000000002
2023-02-15 03:00:00+00:00,-1,1864.65
2023-02-15 19:00:00+00:00,1,1846.2
2023-02-16 05:30:00+00:00,-1,1848.4
2023-02-16 07:30:00+00:00,1,1847.4
2023-02-16 20:30:00+00:00,-1,1850.1999999999998
2023-02-17 12:30:00+00:00,1,1835.15
2023-02-19 23:30:00+00:00,-1,1850.15
2023-02-20 04:00:00+00:00,1,1851.75
2023-02-20 12:30:00+00:00,-1,1853.15
2023-02-20 13:30:00+00:00,1,1853.3
2023-02-20 15:30:00+00:00,-1,1853.4
2023-02-21 13:30:00+00:00,1,1843.0
2023-02-21 16:30:00+00:00,-1,1846.4
2023-02-21 20:00:00+00:00,1,1842.75
2023-02-22 09:00:00+00:00,-1,1844.4
2023-02-22 11:30:00+00:00,1,1844.1
2023-02-22 13:30:00+00:00,-1,1848.5
2023-02-23 01:30:00+00:00,1,1833.55
2023-02-23 04:00:00+00:00,-1,1836.0
2023-02-23 06:30:00+00:00,1,1837.85
2023-02-23 16:00:00+00:00,-1,1830.95
2023-02-23 19:00:00+00:00,1,1829.5500000000002
2023-02-24 11:30:00+00:00,-1,1828.5
2023-02-27 00:30:00+00:00,1,1819.25
2023-02-27 03:00:00+00:00,-1,1819.0
2023-02-27 08:00:00+00:00,1,1817.15
2023-02-27 16:00:00+00:00,-1,1823.55
2023-02-27 17:00:00+00:00,1,1823.2
2023-02-28 03:30:00+00:00,-1,1823.9499999999998
2023-02-28 14:00:00+00:00,1,1818.15
2023-02-28 20:30:00+00:00,-1,1835.75
2023-03-01 02:00:00+00:00,1,1833.1999999999998
2023-03-02 12:30:00+00:00,-1,1840.1999999999998
2023-03-02 19:00:00+00:00,1,1841.25
2023-03-03 14:30:00+00:00,-1,1851.25
2023-03-03 19:00:00+00:00,1,1854.95
2023-03-05 23:30:00+00:00,-1,1860.15
2023-03-06 03:00:00+00:00,1,1858.9
2023-03-06 08:30:00+00:00,-1,1861.1999999999998
2023-03-07 02:00:00+00:00,1,1852.4499999999998
2023-03-07 08:30:00+00:00,-1,1853.55
2023-03-08 15:00:00+00:00,1,1819.75
2023-03-08 17:00:00+00:00,-1,1823.15
2023-03-09 05:00:00+00:00,1,1817.25
2023-03-09 06:30:00+00:00,-1,1818.15
2023-03-09 09:00:00+00:00,1,1819.7
2023-03-09 16:00:00+00:00,-1,1833.1999999999998
2023-03-09 18:30:00+00:00,1,1833.8
2023-03-09 20:00:00+00:00,-1,1835.65
2023-03-10 00:30:00+00:00,1,1836.9
2023-03-10 01:30:00+00:00,-1,1836.85
2023-03-10 06:00:00+00:00,1,1834.4499999999998
2023-03-10 16:30:00+00:00,-1,1865.8000000000002
2023-03-10 17:30:00+00:00,1,1864.75
2023-03-13 05:00:00+00:00,-1,1886.0
2023-03-13 09:00:00+00:00,1,1886.6
2023-03-13 10:30:00+00:00,-1,1889.4
2023-03-13 11:30:00+00:00,1,1890.25
2023-03-13 22:30:00+00:00,-1,1916.6
2023-03-14 06:30:00+00:00,1,1910.15
2023-03-14 08:30:00+00:00,-1,1913.85
2023-03-14 17:00:00+00:00,1,1909.8000000000002
2023-03-14 20:00:00+00:00,-1,1909.25
2023-03-15 10:00:00+00:00,1,1896.95
2023-03-15 17:30:00+00:00,-1,1935.3
2023-03-15 22:30:00+00:00,1,1923.6
2023-03-16 01:00:00+00:00,-1,1922.15
2023-03-16 03:30:00+00:00,1,1915.6
2023-03-17 00:30:00+00:00,-1,1924.9
2023-03-17 01:30:00+00:00,1,1924.9
2023-03-20 01:00:00+00:00,-1,1978.4499999999998
2023-03-20 03:00:00+00:00,1,1977.1999999999998
2023-03-20 09:30:00+00:00,-1,1999.0500000000002
2023-03-20 16:00:00+00:00,1,1976.7
2023-03-20 20:00:00+00:00,-1,1984.0
2023-03-21 03:00:00+00:00,1,1985.0
2023-03-21 04:30:00+00:00,-1,1986.25
2023-03-21 23:30:00+00:00,1,1945.8
2023-03-23 01:30:00+00:00,-1,1972.45
2023-03-23 02:30:00+00:00,1,1974.3000000000002
2023-03-23 22:00:00+00:00,-1,1997.0
2023-03-24 04:00:00+00:00,1,1994.35
2023-03-24 06:30:00+00:00,-1,1992.0
2023-03-24 09:30:00+00:00,1,1991.25
2023-03-24 17:30:00+00:00,-1,1985.15
2023-03-26 23:30:00+00:00,1,1977.3
2023-03-27 05:00:00+00:00,-1,1975.6999999999998
2023-03-27 14:30:00+00:00,1,1953.1999999999998
2023-03-27 17:00:00+00:00,-1,1957.5
2023-03-27 19:00:00+00:00,1,1956.0
2023-03-28 02:30:00+00:00,-1,1962.85
2023-03-28 10:00:00+00:00,1,1953.65
2023-03-28 23:00:00+00:00,-1,1974.85
2023-03-29 09:00:00+00:00,1,1973.9
2023-03-29 19:00:00+00:00,-1,1985.45
2023-03-30 05:00:00+00:00,1,1977.3000000000002
2023-03-31 07:30:00+00:00,-1,1997.3
2023-03-31 09:30:00+00:00,1,1995.0
2023-03-31 17:30:00+00:00,-1,1990.1
2023-04-03 07:30:00+00:00,1,1974.5
2023-04-03 17:30:00+00:00,-1,2003.35
2023-04-03 23:30:00+00:00,1,2001.65
2023-04-04 02:00:00+00:00,-1,1997.35
2023-04-04 07:00:00+00:00,1,1997.4
2023-04-04 22:30:00+00:00,-1,2037.95
2023-04-05 03:00:00+00:00,1,2038.35
2023-04-05 09:00:00+00:00,-1,2040.5
2023-04-05 12:30:00+00:00,1,2043.35
2023-04-05 14:30:00+00:00,-1,2037.5
2023-04-06 05:00:00+00:00,1,2028.3
2023-04-06 13:00:00+00:00,-1,2030.4
2023-04-06 15:00:00+00:00,1,2024.65
2023-04-06 17:30:00+00:00,-1,2027.15
2023-04-09 23:00:00+00:00,1,2019.25
2023-04-10 00:30:00+00:00,-1,2019.0500000000002
2023-04-10 07:00:00+00:00,1,2010.05
2023-04-10 13:00:00+00:00,-1,2009.55
2023-04-10 19:00:00+00:00,1,2004.8000000000002
2023-04-11 01:30:00+00:00,-1,2007.45
2023-04-11 02:30:00+00:00,1,2008.65
2023-04-11 11:30:00+00:00,-1,2016.75
2023-04-11 16:30:00+00:00,1,2019.95
2023-04-12 06:30:00+00:00,-1,2032.4
2023-04-12 13:00:00+00:00,1,2027.75
2023-04-12 14:00:00+00:00,-1,2029.6999999999998
2023-04-12 17:30:00+00:00,1,2024.0
2023-04-12 20:00:00+00:00,-1,2030.15
2023-04-12 23:30:00+00:00,1,2030.25
2023-04-13 15:00:00+00:00,-1,2054.95
2023-04-13 17:30:00+00:00,1,2055.1
2023-04-13 19:00:00+00:00,-1,2054.6000000000004
2023-04-14 01:00:00+00:00,1,2055.05
2023-04-14 05:00:00+00:00,-1,2058.25
2023-04-14 10:00:00+00:00,1,2051.2
2023-04-14 11:30:00+00:00,-1,2050.25
2023-04-14 17:00:00+00:00,1,2011.3000000000002
2023-04-16 22:30:00+00:00,-1,2016.95
2023-04-17 02:00:00+00:00,1,2015.55
2023-04-17 10:30:00+00:00,-1,2022.3
2023-04-17 17:00:00+00:00,1,2003.4
2023-04-18 13:00:00+00:00,-1,2014.6
2023-04-18 14:30:00+00:00,1,2016.1999999999998
2023-04-18 18:00:00+00:00,-1,2018.45
2023-04-19 12:30:00+00:00,1,1986.1
2023-04-19 20:00:00+00:00,-1,2007.5
2023-04-20 06:00:00+00:00,1,2005.05
2023-04-21 05:30:00+00:00,-1,2011.15
2023-04-21 10:30:00+00:00,1,1998.2
2023-04-21 14:00:00+00:00,-1,1999.05
2023-04-21 19:30:00+00:00,1,1991.05
2023-04-24 02:00:00+00:00,-1,1992.2
2023-04-24 09:00:00+00:00,1,1994.05
2023-04-24 13:30:00+00:00,-1,1992.65
2023-04-24 17:30:00+00:00,1,1998.5500000000002
2023-04-25 03:00:00+00:00,-1,2006.4
2023-04-25 12:30:00+00:00,1,1993.6
2023-04-25 19:00:00+00:00,-1,2009.05
2023-04-25 23:30:00+00:00,1,2009.1
2023-04-26 01:00:00+00:00,-1,2009.6
2023-04-26 13:30:00+00:00,1,2011.4
2023-04-26 15:30:00+00:00,-1,2007.65
2023-04-26 23:30:00+00:00,1,2000.05
2023-04-27 08:00:00+00:00,-1,2009.35
2023-04-27 10:30:00+00:00,1,2008.6
2023-04-27 11:30:00+00:00,-1,2009.25
2023-04-27 17:30:00+00:00,1,1995.55
2023-04-27 22:30:00+00:00,-1,1996.55
2023-04-28 02:00:00+00:00,1,1996.3
2023-04-28 07:30:00+00:00,-1,1992.35
2023-04-28 15:00:00+00:00,1,1996.35
2023-04-28 17:30:00+00:00,-1,2000.0
2023-05-01 04:30:00+00:00,1,1992.1999999999998
2023-05-01 05:30:00+00:00,-1,1991.6999999999998
2023-05-01 09:30:00+00:00,1,1989.15
2023-05-01 14:00:00+00:00,-1,2008.9
2023-05-02 10:00:00+00:00,1,1991.85
2023-05-02 12:00:00+00:00,-1,1996.85
2023-05-02 14:30:00+00:00,1,2005.15
2023-05-03 07:30:00+00:00,-1,2024.6
2023-05-03 15:00:00+00:00,1,2028.1
2023-05-04 01:30:00+00:00,-1,2060.45
2023-05-04 04:30:00+00:00,1,2050.85
2023-05-04 06:30:00+00:00,-1,2049.2
2023-05-04 10:00:00+00:00,1,2044.6
2023-05-05 02:30:00+00:00,-1,2057.7
2023-05-05 03:30:00+00:00,1,2057.0
2023-05-05 07:30:00+00:00,-1,2052.6000000000004
2023-05-05 19:30:00+00:00,1,2024.8
2023-05-07 22:30:00+00:00,-1,2023.5
2023-05-08 02:30:00+00:00,1,2026.25
2023-05-08 05:30:00+00:00,-1,2030.75
2023-05-09 01:30:00+00:00,1,2028.1
2023-05-09 07:00:00+00:00,-1,2032.45
2023-05-09 10:00:00+00:00,1,2034.8
2023-05-09 12:30:00+00:00,-1,2037.75
2023-05-09 16:00:00+00:00,1,2033.85
2023-05-10 02:00:00+00:00,-1,2041.3
2023-05-10 10:30:00+00:00,1,2037.35
2023-05-10 15:00:00+00:00,-1,2038.75
2023-05-10 17:00:00+00:00,1,2033.65
2023-05-11 02:30:00+00:00,-1,2038.8000000000002
2023-05-11 10:00:00+00:00,1,2032.0
2023-05-11 13:30:00+00:00,-1,2038.9
2023-05-12 00:00:00+00:00,1,2021.35
2023-05-12 01:30:00+00:00,-1,2019.6
2023-05-12 12:30:00+00:00,1,2011.5
2023-05-12 14:30:00+00:00,-1,2020.3000000000002
2023-05-12 17:00:00+00:00,1,2017.5
2023-05-12 19:30:00+00:00,-1,2018.6
2023-05-15 01:00:00+00:00,1,2015.95
2023-05-15 18:30:00+00:00,-1,2022.3
2023-05-16 01:30:00+00:00,1,2020.75
2023-05-16 06:00:00+00:00,-1,2018.65
2023-05-16 08:00:00+00:00,1,2012.6999999999998
2023-05-16 11:30:00+00:00,-1,2011.95
2023-05-16 13:00:00+00:00,1,2011.15
2023-05-16 14:30:00+00:00,-1,2011.65
2023-05-17 00:30:00+00:00,1,1994.6
2023-05-17 05:30:00+00:00,-1,1994.25
2023-05-17 10:30:00+00:00,1,1990.5500000000002
2023-05-17 12:30:00+00:00,-1,1990.15
2023-05-18 10:00:00+00:00,1,1979.8000000000002
2023-05-18 11:00:00+00:00,-1,1979.75
2023-05-18 17:30:00+00:00,1,1959.0
2023-05-19 19:00:00+00:00,-1,1981.5
2023-05-19 20:30:00+00:00,1,1978.6
2023-05-22 05:00:00+00:00,-1,1978.6999999999998
2023-05-22 09:00:00+00:00,1,1980.6
2023-05-22 11:00:00+00:00,-1,1980.75
2023-05-22 16:30:00+00:00,1,1975.5500000000002
2023-05-22 18:30:00+00:00,-1,1975.95
2023-05-23 11:00:00+00:00,1,1958.85
2023-05-24 06:30:00+00:00,-1,1978.5
2023-05-24 11:00:00+00:00,1,1978.25
2023-05-24 13:00:00+00:00,-1,1983.5
2023-05-24 17:30:00+00:00,1,1963.25
2023-05-24 22:00:00+00:00,-1,1960.4
2023-05-25 07:00:00+00:00,1,1958.0
2023-05-25 13:00:00+00:00,-1,1956.65
2023-05-26 01:30:00+00:00,1,1942.25
2023-05-26 13:00:00+00:00,-1,1969.35
2023-05-26 16:00:00+00:00,1,1961.3
2023-05-28 22:00:00+00:00,-1,1964.75
2023-05-29 03:00:00+00:00,1,1962.3000000000002
2023-05-29 07:30:00+00:00,-1,1963.8
2023-05-29 13:00:00+00:00,1,1965.55
2023-05-29 16:00:00+00:00,-1,1964.1
2023-05-30 01:30:00+00:00,1,1961.05
2023-05-30 03:30:00+00:00,-1,1961.4
2023-05-30 08:00:00+00:00,1,1958.4
2023-05-30 17:00:00+00:00,-1,1979.0500000000002
2023-05-31 03:00:00+00:00,1,1974.0
2023-05-31 07:30:00+00:00,-1,1977.35
2023-05-31 22:30:00+00:00,1,1981.75
2023-06-01 07:30:00+00:00,-1,1975.95
2023-06-01 09:30:00+00:00,1,1973.9
2023-06-01 17:00:00+00:00,-1,1996.1
2023-06-02 02:00:00+00:00,1,1994.15
2023-06-02 04:30:00+00:00,-1,1998.1999999999998
2023-06-02 09:00:00+00:00,1,1994.6
2023-06-02 13:00:00+00:00,-1,1993.85
2023-06-05 13:00:00+00:00,1,1958.35
2023-06-06 01:30:00+00:00,-1,1976.6
2023-06-06 16:00:00+00:00,1,1977.35
2023-06-06 19:00:00+00:00,-1,1979.9
2023-06-07 08:30:00+00:00,1,1973.9
2023-06-07 12:00:00+00:00,-1,1977.3
2023-06-07 22:30:00+00:00,1,1956.6
2023-06-08 06:00:00+00:00,-1,1960.6
2023-06-08 12:30:00+00:00,1,1962.35
2023-06-08 17:30:00+00:00,-1,1980.1
2023-06-09 11:30:00+00:00,1,1979.2
2023-06-11 22:30:00+00:00,-1,1974.9
2023-06-12 04:00:00+00:00,1,1971.3
2023-06-12 13:30:00+00:00,-1,1974.0500000000002
2023-06-12 15:30:00+00:00,1,1968.5
2023-06-13 12:00:00+00:00,-1,1978.3
2023-06-13 20:00:00+00:00,1,1955.4499999999998
2023-06-14 05:30:00+00:00,-1,1961.5500000000002
2023-06-14 07:30:00+00:00,1,1960.9
2023-06-14 10:30:00+00:00,-1,1963.5500000000002
2023-06-14 13:00:00+00:00,1,1965.45
2023-06-14 18:00:00+00:00,-1,1967.5
2023-06-15 13:00:00+00:00,1,1944.0500000000002
2023-06-16 00:30:00+00:00,-1,1970.3
2023-06-16 05:30:00+00:00,1,1968.65
2023-06-16 13:00:00+00:00,-1,1976.35
2023-06-16 17:30:00+00:00,1,1968.8000000000002
2023-06-19 06:00:00+00:00,-1,1968.2
2023-06-19 08:00:00+00:00,1,1967.0
2023-06-19 09:30:00+00:00,-1,1968.05
2023-06-19 12:30:00+00:00,1,1962.1
2023-06-19 16:00:00+00:00,-1,1963.85
2023-06-19 22:00:00+00:00,1,1962.4499999999998
2023-06-20 01:30:00+00:00,-1,1961.8
2023-06-20 06:30:00+00:00,1,1961.65
2023-06-20 13:00:00+00:00,-1,1959.6999999999998
2023-06-22 23:30:00+00:00,1,1923.95
2023-06-23 01:30:00+00:00,-1,1924.35
2023-06-23 04:00:00+00:00,1,1921.55
2023-06-23 14:30:00+00:00,-1,1940.75
2023-06-25 22:00:00+00:00,1,1931.4499999999998
2023-06-26 06:30:00+00:00,-1,1933.55
2023-06-26 07:30:00+00:00,1,1935.25
2023-06-26 13:30:00+00:00,-1,1939.3
2023-06-27 02:00:00+00:00,1,1935.85
2023-06-27 06:00:00+00:00,-1,1937.0
2023-06-27 07:00:00+00:00,1,1936.6
2023-06-27 08:30:00+00:00,-1,1936.05
2023-06-27 12:30:00+00:00,1,1933.05
2023-06-27 14:00:00+00:00,-1,1934.1
2023-06-27 19:00:00+00:00,1,1923.05
2023-06-28 06:30:00+00:00,-1,1923.1
2023-06-28 15:30:00+00:00,1,1919.55
2023-06-28 19:30:00+00:00,-1,1920.25
2023-06-29 01:00:00+00:00,1,1917.75
2023-06-29 02:30:00+00:00,-1,1916.55
2023-06-29 10:30:00+00:00,1,1914.25
2023-06-29 13:00:00+00:00,-1,1911.5
2023-06-29 14:00:00+00:00,1,1906.5500000000002
2023-06-30 06:00:00+00:00,-1,1915.4499999999998
2023-06-30 09:30:00+00:00,1,1910.4
2023-06-30 18:00:00+00:00,-1,1927.9
2023-07-03 04:00:00+00:00,1,1924.9
2023-07-03 06:00:00+00:00,-1,1925.9
2023-07-03 12:30:00+00:00,1,1921.4
2023-07-03 16:30:00+00:00,-1,1933.65
2023-07-04 03:30:00+00:00,1,1930.0
2023-07-04 16:30:00+00:00,-1,1933.75
2023-07-04 18:00:00+00:00,1,1932.75
2023-07-05 02:00:00+00:00,-1,1932.15
2023-07-05 07:30:00+00:00,1,1930.6
2023-07-05 11:00:00+00:00,-1,1935.65
2023-07-06 05:30:00+00:00,1,1925.15
2023-07-06 08:30:00+00:00,-1,1925.05
2023-07-06 10:30:00+00:00,1,1927.1
2023-07-06 12:30:00+00:00,-1,1924.3000000000002
2023-07-06 23:30:00+00:00,1,1917.1999999999998
2023-07-09 23:30:00+00:00,-1,1931.2
2023-07-10 06:30:00+00:00,1,1927.5
2023-07-10 12:30:00+00:00,-1,1926.5
2023-07-10 13:30:00+00:00,1,1924.5500000000002
2023-07-11 02:00:00+00:00,-1,1931.6
2023-07-11 04:30:00+00:00,1,1932.8
2023-07-11 12:30:00+00:00,-1,1940.25
2023-07-12 00:30:00+00:00,1,1939.3
2023-07-12 06:30:00+00:00,-1,1943.0500000000002
2023-07-12 13:00:00+00:00,1,1943.4
2023-07-12 17:30:00+00:00,-1,1963.3
2023-07-13 06:30:00+00:00,1,1964.35
2023-07-14 04:30:00+00:00,-1,1965.75
2023-07-14 11:30:00+00:00,1,1961.45
2023-07-14 13:00:00+00:00,-1,1962.25
2023-07-17 05:00:00+00:00,1,1956.65
2023-07-17 11:00:00+00:00,-1,1962.0
2023-07-17 14:30:00+00:00,1,1954.4
2023-07-18 23:30:00+00:00,-1,1981.95
2023-07-19 07:30:00+00:00,1,1980.9
2023-07-19 10:30:00+00:00,-1,1980.5
2023-07-19 12:30:00+00:00,1,1978.25
2023-07-19 20:30:00+00:00,-1,1981.0
2023-07-20 00:30:00+00:00,1,1980.65
2023-07-20 04:30:00+00:00,-1,1987.5
2023-07-20 18:00:00+00:00,1,1972.05
2023-07-21 07:30:00+00:00,-1,1972.15
2023-07-21 12:00:00+00:00,1,1966.5
2023-07-21 13:00:00+00:00,-1,1966.4499999999998
2023-07-21 17:00:00+00:00,1,1965.0
2023-07-24 04:00:00+00:00,-1,1961.85
2023-07-24 05:00:00+00:00,1,1962.0
2023-07-24 08:30:00+00:00,-1,1964.25
2023-07-24 09:30:00+00:00,1,1965.1
2023-07-24 18:00:00+00:00,-1,1961.25
2023-07-25 01:00:00+00:00,1,1956.65
2023-07-25 10:30:00+00:00,-1,1962.75
2023-07-25 15:00:00+00:00,1,1962.4
2023-07-25 17:00:00+00:00,-1,1964.45
2023-07-26 06:00:00+00:00,1,1964.95
2023-07-26 13:30:00+00:00,-1,1971.6
2023-07-26 15:30:00+00:00,1,1971.6
2023-07-26 16:30:00+00:00,-1,1972.75
2023-07-27 01:30:00+00:00,1,1973.95
2023-07-27 12:30:00+00:00,-1,2015.65
2023-07-27 17:30:00+00:00,1,1983.65
2023-07-28 19:00:00+00:00,-1,1997.95
2023-07-31 09:30:00+00:00,1,1992.8
2023-07-31 18:30:00+00:00,-1,2008.2
2023-08-01 18:30:00+00:00,1,1980.75
2023-08-02 00:30:00+00:00,-1,1987.65
2023-08-02 10:30:00+00:00,1,1987.25
2023-08-02 12:30:00+00:00,-1,1986.95
2023-08-03 01:30:00+00:00,1,1972.0500000000002
2023-08-03 05:00:00+00:00,-1,1971.25
2023-08-03 08:00:00+00:00,1,1970.25
2023-08-03 19:00:00+00:00,-1,1969.25
2023-08-03 20:00:00+00:00,1,1969.1
2023-08-04 06:30:00+00:00,-1,1969.85
2023-08-04 13:00:00+00:00,1,1970.9
2023-08-07 01:30:00+00:00,-1,1977.95
2023-08-07 13:00:00+00:00,1,1972.45
2023-08-07 14:00:00+00:00,-1,1972.15
2023-08-07 16:30:00+00:00,1,1968.55
2023-08-08 00:30:00+00:00,-1,1970.9
2023-08-09 01:30:00+00:00,1,1960.75
2023-08-09 08:30:00+00:00,-1,1963.25
2023-08-10 16:00:00+00:00,1,1950.7
2023-08-10 17:30:00+00:00,-1,1950.5
2023-08-11 00:30:00+00:00,1,1945.0
2023-08-11 13:00:00+00:00,-1,1949.45
2023-08-14 08:00:00+00:00,1,1945.5
2023-08-14 12:30:00+00:00,-1,1944.6999999999998
2023-08-14 14:30:00+00:00,1,1938.6
2023-08-14 18:00:00+00:00,-1,1942.9499999999998
2023-08-15 14:30:00+00:00,1,1937.1999999999998
2023-08-15 16:30:00+00:00,-1,1937.5
2023-08-16 09:00:00+00:00,1,1936.0
2023-08-16 11:30:00+00:00,-1,1936.45
2023-08-17 06:30:00+00:00,1,1923.45
2023-08-17 09:00:00+00:00,-1,1924.6
2023-08-17 10:00:00+00:00,1,1924.55
2023-08-17 14:00:00+00:00,-1,1928.15
2023-08-17 19:30:00+00:00,1,1917.0
2023-08-18 12:30:00+00:00,-1,1921.5500000000002
2023-08-21 02:30:00+00:00,1,1917.85
2023-08-21 05:30:00+00:00,-1,1921.0500000000002
2023-08-21 11:30:00+00:00,1,1918.45
2023-08-21 14:00:00+00:00,-1,1921.9
2023-08-21 15:30:00+00:00,1,1917.0
2023-08-22 00:00:00+00:00,-1,1923.7
2023-08-22 06:30:00+00:00,1,1925.6999999999998
2023-08-22 12:30:00+00:00,-1,1930.4
2023-08-22 15:30:00+00:00,1,1924.9499999999998
2023-08-23 10:00:00+00:00,-1,1931.75
2023-08-23 14:00:00+00:00,1,1942.1
2023-08-23 18:30:00+00:00,-1,1946.9
2023-08-24 02:30:00+00:00,1,1947.1999999999998
2023-08-24 11:30:00+00:00,-1,1946.55
2023-08-24 14:00:00+00:00,1,1943.4
2023-08-24 16:30:00+00:00,-1,1947.4499999999998
2023-08-25 09:00:00+00:00,1,1942.65
2023-08-25 13:30:00+00:00,-1,1943.8
2023-08-25 18:30:00+00:00,1,1940.4
2023-08-28 04:30:00+00:00,-1,1943.1999999999998
2023-08-28 15:30:00+00:00,1,1948.0
2023-08-28 17:00:00+00:00,-1,1949.75
2023-08-29 01:30:00+00:00,1,1949.55
2023-08-29 04:30:00+00:00,-1,1952.6
2023-08-29 14:00:00+00:00,1,1947.35
2023-08-29 22:30:00+00:00,-1,1965.25
2023-08-30 09:30:00+00:00,1,1965.0
2023-08-30 18:00:00+00:00,-1,1972.6
2023-08-31 01:30:00+00:00,1,1972.9
2023-08-31 03:00:00+00:00,-1,1973.2
2023-08-31 07:30:00+00:00,1,1971.45
2023-08-31 17:30:00+00:00,-1,1967.5
2023-08-31 18:30:00+00:00,1,1967.4499999999998
2023-08-31 20:00:00+00:00,-1,1967.35
2023-09-01 01:30:00+00:00,1,1967.35
2023-09-01 03:00:00+00:00,-1,1967.7
2023-09-01 05:00:00+00:00,1,1965.6
2023-09-01 14:00:00+00:00,-1,1970.9499999999998
2023-09-01 17:30:00+00:00,1,1966.3
2023-09-04 04:00:00+00:00,-1,1971.35
2023-09-04 12:00:00+00:00,1,1966.45
2023-09-04 13:00:00+00:00,-1,1966.35
2023-09-05 04:30:00+00:00,1,1963.25
2023-09-05 06:00:00+00:00,-1,1963.35
2023-09-06 02:30:00+00:00,1,1950.55
2023-09-06 06:30:00+00:00,-1,1952.45
2023-09-06 10:00:00+00:00,1,1950.4
2023-09-06 13:00:00+00:00,-1,1949.35
2023-09-06 16:30:00+00:00,1,1942.65
2023-09-06 18:00:00+00:00,-1,1943.5500000000002
2023-09-07 01:30:00+00:00,1,1941.7
2023-09-07 05:00:00+00:00,-1,1943.5
2023-09-07 09:00:00+00:00,1,1942.6999999999998
2023-09-07 14:00:00+00:00,-1,1944.85
2023-09-07 16:00:00+00:00,1,1943.8000000000002
2023-09-07 17:00:00+00:00,-1,1943.45
2023-09-07 18:30:00+00:00,1,1943.6
2023-09-08 03:30:00+00:00,-1,1949.5
2023-09-08 06:00:00+00:00,1,1949.45
2023-09-08 11:00:00+00:00,-1,1948.1
2023-09-08 14:00:00+00:00,1,1948.3000000000002
2023-09-08 15:00:00+00:00,-1,1949.25
2023-09-11 02:00:00+00:00,1,1944.9499999999998
2023-09-11 08:00:00+00:00,-1,1951.25
2023-09-11 13:00:00+00:00,1,1950.35
2023-09-11 14:00:00+00:00,-1,1950.35
2023-09-12 02:30:00+00:00,1,1945.15
2023-09-12 04:30:00+00:00,-1,1946.3000000000002
2023-09-13 04:30:00+00:00,1,1932.45
2023-09-13 16:00:00+00:00,-1,1934.05
2023-09-14 00:30:00+00:00,1,1931.6999999999998
2023-09-14 06:00:00+00:00,-1,1930.15
2023-09-14 09:00:00+00:00,1,1927.65
2023-09-15 17:30:00+00:00,-1,1946.55
2023-09-17 22:00:00+00:00,1,1944.9
2023-09-17 23:00:00+00:00,-1,1944.95
2023-09-18 00:30:00+00:00,1,1945.1999999999998
2023-09-18 08:00:00+00:00,-1,1948.3
2023-09-18 17:00:00+00:00,1,1952.1
2023-09-19 00:30:00+00:00,-1,1955.35
2023-09-19 07:30:00+00:00,1,1953.1
2023-09-20 01:30:00+00:00,-1,1951.45
2023-09-20 10:00:00+00:00,1,1952.05
2023-09-20 19:30:00+00:00,-1,1960.65
2023-09-21 03:30:00+00:00,1,1947.25
2023-09-21 09:00:00+00:00,-1,1944.55
2023-09-21 10:00:00+00:00,1,1943.3
2023-09-21 11:30:00+00:00,-1,1943.0500000000002
2023-09-21 17:00:00+00:00,1,1938.55
2023-09-22 16:30:00+00:00,-1,1946.85
2023-09-25 07:00:00+00:00,1,1942.4
2023-09-25 08:00:00+00:00,-1,1943.35
2023-09-25 10:30:00+00:00,1,1942.8
2023-09-25 14:30:00+00:00,-1,1939.9
2023-09-26 08:00:00+00:00,1,1931.55
2023-09-26 15:30:00+00:00,-1,1923.8000000000002
2023-09-27 19:00:00+00:00,1,1893.35
2023-09-28 01:30:00+00:00,-1,1892.75
2023-09-28 05:30:00+00:00,1,1892.3
2023-09-28 06:30:00+00:00,-1,1892.4
2023-09-28 07:30:00+00:00,1,1892.4
2023-09-28 08:30:00+00:00,-1,1892.5
2023-09-28 18:30:00+00:00,1,1880.15
2023-09-29 03:00:00+00:00,-1,1882.25
2023-09-29 06:00:00+00:00,1,1882.45
2023-09-29 11:00:00+00:00,-1,1889.1
2023-09-29 13:00:00+00:00,1,1889.0500000000002
2023-09-29 14:00:00+00:00,-1,1889.35
2023-10-02 06:30:00+00:00,1,1858.9
2023-10-02 07:30:00+00:00,-1,1859.15
2023-10-03 04:00:00+00:00,1,1834.75
2023-10-03 05:30:00+00:00,-1,1835.6
2023-10-03 06:30:00+00:00,1,1836.65
2023-10-04 06:30:00+00:00,-1,1835.15
2023-10-04 07:30:00+00:00,1,1834.4499999999998
2023-10-04 14:00:00+00:00,-1,1838.05
2023-10-04 15:30:00+00:00,1,1837.2
2023-10-04 17:30:00+00:00,-1,1835.5
2023-10-04 19:30:00+00:00,1,1834.5
2023-10-05 06:00:00+00:00,-1,1840.85
2023-10-05 18:00:00+00:00,1,1832.4
2023-10-06 05:00:00+00:00,-1,1837.05
2023-10-06 10:30:00+00:00,1,1835.45
2023-10-06 19:30:00+00:00,-1,1845.3000000000002
2023-10-08 22:00:00+00:00,1,1851.7
2023-10-09 07:00:00+00:00,-1,1864.35
2023-10-09 14:30:00+00:00,1,1862.15
2023-10-09 16:30:00+00:00,-1,1864.35
2023-10-09 17:30:00+00:00,1,1864.05
2023-10-10 03:00:00+00:00,-1,1877.35
2023-10-11 00:30:00+00:00,1,1874.15
2023-10-11 17:30:00+00:00,-1,1887.5
2023-10-11 19:30:00+00:00,1,1886.6999999999998
2023-10-12 13:00:00+00:00,-1,1894.1
2023-10-13 04:30:00+00:00,1,1886.8
2023-10-15 22:30:00+00:00,-1,1940.4
2023-10-16 09:30:00+00:00,1,1926.35
2023-10-16 18:00:00+00:00,-1,1933.2
2023-10-17 09:30:00+00:00,1,1933.85
2023-10-17 18:00:00+00:00,-1,1934.65
2023-10-17 19:00:00+00:00,1,1934.25
2023-10-18 03:00:00+00:00,-1,1950.9
2023-10-18 05:00:00+00:00,1,1950.5500000000002
2023-10-18 15:00:00+00:00,-1,1962.25
2023-10-18 16:30:00+00:00,1,1959.7
2023-10-18 18:30:00+00:00,-1,1965.5
2023-10-19 07:30:00+00:00,1,1960.65
2023-10-20 12:00:00+00:00,-1,1992.9499999999998
2023-10-20 14:00:00+00:00,1,1993.75
2023-10-20 17:00:00+00:00,-1,1998.8000000000002
2023-10-23 02:30:00+00:00,1,1980.8000000000002
2023-10-23 10:00:00+00:00,-1,1990.75
2023-10-24 16:00:00+00:00,1,1978.15
2023-10-24 22:00:00+00:00,-1,1983.2
2023-10-24 23:30:00+00:00,1,1982.15
2023-10-25 03:00:00+00:00,-1,1985.35
2023-10-25 16:00:00+00:00,1,1989.9499999999998
2023-10-25 20:30:00+00:00,-1,1991.35
2023-10-25 22:30:00+00:00,1,1991.25
2023-10-26 06:00:00+00:00,-1,1997.3
2023-10-26 08:00:00+00:00,1,1998.45
2023-10-26 10:30:00+00:00,-1,1999.6
2023-10-26 16:30:00+00:00,1,1991.85
2023-10-26 19:30:00+00:00,-1,1995.15
2023-10-27 02:30:00+00:00,1,1996.0
2023-10-27 10:00:00+00:00,-1,1996.4
2023-10-27 17:00:00+00:00,1,1992.4
2023-10-29 22:30:00+00:00,-1,2014.35
2023-10-30 00:30:00+00:00,1,2013.3
2023-10-30 03:30:00+00:00,-1,2012.45
2023-10-30 13:00:00+00:00,1,2007.1999999999998
2023-10-30 19:30:00+00:00,-1,2007.1
2023-10-31 07:00:00+00:00,1,2003.5
2023-10-31 13:00:00+00:00,-1,2007.9
2023-10-31 14:00:00+00:00,1,2008.55
2023-10-31 15:00:00+00:00,-1,2009.05
2023-11-01 06:00:00+00:00,1,1987.3
2023-11-01 15:30:00+00:00,-1,1993.6
2023-11-01 22:00:00+00:00,1,1988.4499999999998
2023-11-02 06:00:00+00:00,-1,1993.3000000000002
2023-11-02 17:30:00+00:00,1,1991.65
2023-11-02 23:00:00+00:00,-1,1992.85
2023-11-03 02:30:00+00:00,1,1992.4499999999998
2023-11-03 10:30:00+00:00,-1,1996.0
2023-11-03 12:30:00+00:00,1,1996.05
2023-11-03 19:30:00+00:00,-1,2001.1
2023-11-06 01:00:00+00:00,1,1996.55
2023-11-06 02:30:00+00:00,-1,1998.0
2023-11-06 08:30:00+00:00,1,1992.0
2023-11-06 12:30:00+00:00,-1,1993.2
2023-11-06 13:30:00+00:00,1,1992.8000000000002
2023-11-06 16:00:00+00:00,-1,1990.3
2023-11-07 14:00:00+00:00,1,1968.75
2023-11-08 05:30:00+00:00,-1,1973.0
2023-11-08 06:30:00+00:00,1,1972.85
2023-11-08 09:30:00+00:00,-1,1973.4
2023-11-08 11:30:00+00:00,1,1969.55
2023-11-08 12:30:00+00:00,-1,1970.05
2023-11-09 01:00:00+00:00,1,1956.5500000000002
2023-11-09 02:30:00+00:00,-1,1957.95
2023-11-09 15:00:00+00:00,1,1958.85
2023-11-09 19:30:00+00:00,-1,1966.4
2023-11-10 03:30:00+00:00,1,1963.6999999999998
2023-11-10 04:30:00+00:00,-1,1963.55
2023-11-10 21:30:00+00:00,1,1940.35
2023-11-13 03:00:00+00:00,-1,1942.75
2023-11-13 05:00:00+00:00,1,1939.6999999999998
2023-11-15 00:00:00+00:00,-1,1966.4
2023-11-15 03:00:00+00:00,1,1967.8
2023-11-15 12:30:00+00:00,-1,1976.1
2023-11-15 16:00:00+00:00,1,1964.65
2023-11-15 21:00:00+00:00,-1,1964.65
2023-11-16 03:00:00+00:00,1,1962.25
2023-11-16 10:00:00+00:00,-1,1969.4499999999998
2023-11-16 13:30:00+00:00,1,1967.6
2023-11-16 20:30:00+00:00,-1,1985.75
2023-11-17 01:00:00+00:00,1,1986.05
2023-11-17 11:30:00+00:00,-1,1993.95
2023-11-20 01:00:00+00:00,1,1978.75
2023-11-20 08:30:00+00:00,-1,1980.1
2023-11-20 18:30:00+00:00,1,1978.55
2023-11-21 09:00:00+00:00,-1,1991.9
2023-11-21 10:30:00+00:00,1,1989.5
2023-11-21 16:30:00+00:00,-1,2004.85
2023-11-22 04:30:00+00:00,1,1998.55
2023-11-22 15:30:00+00:00,-1,1999.1999999999998
2023-11-23 02:00:00+00:00,1,1993.9
2023-11-23 08:30:00+00:00,-1,1996.9
2023-11-23 23:30:00+00:00,1,1993.85
2023-11-27 06:30:00+00:00,-1,2011.35
2023-11-27 08:30:00+00:00,1,2012.15
2023-11-28 18:30:00+00:00,-1,2061.0
2023-11-29 01:00:00+00:00,1,2067.15
2023-11-29 03:30:00+00:00,-1,2066.5
2023-11-29 05:00:00+00:00,1,2066.3
2023-11-29 07:30:00+00:00,-1,2065.05
2023-11-29 11:30:00+00:00,1,2059.25
2023-11-29 20:00:00+00:00,-1,2067.85
2023-11-30 00:30:00+00:00,1,2065.3999999999996
2023-11-30 02:00:00+00:00,-1,2064.7
2023-11-30 03:00:00+00:00,1,2064.7
2023-11-30 05:30:00+00:00,-1,2063.3500000000004
2023-11-30 06:30:00+00:00,1,2063.55
2023-11-30 09:00:00+00:00,-1,2062.4
2023-11-30 23:30:00+00:00,1,2057.5
2023-12-01 10:30:00+00:00,-1,2065.3
2023-12-01 15:00:00+00:00,1,2059.75
2023-12-04 00:30:00+00:00,-1,2125.6499999999996
2023-12-04 05:30:00+00:00,1,2105.3500000000004
2023-12-04 06:30:00+00:00,-1,2104.75
2023-12-04 09:00:00+00:00,1,2086.1000000000004
2023-12-04 10:30:00+00:00,-1,2088.75
2023-12-04 19:30:00+00:00,1,2044.05
2023-12-05 05:00:00+00:00,-1,2053.0
2023-12-05 17:30:00+00:00,1,2034.5
2023-12-06 09:00:00+00:00,-1,2047.1
2023-12-06 12:30:00+00:00,1,2040.25
2023-12-06 20:30:00+00:00,-1,2046.15
2023-12-07 08:30:00+00:00,1,2047.75
2023-12-07 15:00:00+00:00,-1,2047.25
2023-12-07 18:00:00+00:00,1,2043.6999999999998
2023-12-07 21:00:00+00:00,-1,2046.3000000000002
2023-12-08 18:30:00+00:00,1,2014.4499999999998
2023-12-11 01:00:00+00:00,-1,2021.1
2023-12-11 05:30:00+00:00,1,2013.4
2023-12-11 09:30:00+00:00,-1,2010.0
2023-12-11 19:00:00+00:00,1,1995.35
2023-12-12 02:00:00+00:00,-1,1999.0
2023-12-12 03:30:00+00:00,1,1999.25
2023-12-12 09:00:00+00:00,-1,2000.0500000000002
2023-12-12 10:00:00+00:00,1,2000.0500000000002
2023-12-13 02:00:00+00:00,-1,1995.55
2023-12-13 07:30:00+00:00,1,1991.6999999999998
2023-12-14 01:30:00+00:00,-1,2048.55
2023-12-14 06:00:00+00:00,1,2047.45
2023-12-14 16:00:00+00:00,-1,2056.5
2023-12-14 20:30:00+00:00,1,2049.0
2023-12-15 00:30:00+00:00,-1,2048.5
2023-12-15 02:30:00+00:00,1,2048.55
2023-12-15 14:00:00+00:00,-1,2052.6499999999996
2023-12-18 00:30:00+00:00,1,2032.35
2023-12-19 04:00:00+00:00,-1,2037.0
2023-12-19 15:00:00+00:00,1,2050.25
2023-12-19 17:30:00+00:00,-1,2057.25
2023-12-20 03:00:00+00:00,1,2051.75
2023-12-20 10:00:00+00:00,-1,2053.65
2023-12-21 00:30:00+00:00,1,2044.5500000000002
2023-12-22 15:30:00+00:00,-1,2076.8
2023-12-22 18:30:00+00:00,1,2067.95
2023-12-22 19:30:00+00:00,-1,2067.0
2023-12-25 23:30:00+00:00,1,2065.65
2023-12-26 09:00:00+00:00,-1,2073.55
2023-12-26 16:30:00+00:00,1,2069.3500000000004
2023-12-27 02:30:00+00:00,-1,2077.45
2023-12-27 05:00:00+00:00,1,2076.5
2023-12-27 10:30:00+00:00,-1,2078.05
2023-12-27 11:30:00+00:00,1,2077.3
2023-12-27 19:00:00+00:00,-1,2091.3999999999996
2023-12-28 01:30:00+00:00,1,2091.9
2023-12-28 08:30:00+00:00,-1,2091.6
2023-12-28 15:00:00+00:00,1,2086.75
2023-12-28 19:30:00+00:00,-1,2080.5
2023-12-29 01:30:00+00:00,1,2077.65
2023-12-29 09:00:00+00:00,-1,2079.75
2023-12-29 11:30:00+00:00,1,2074.7
2023-12-29 14:00:00+00:00,-1,2072.2
2024-01-02 01:30:00+00:00,1,2075.15
2024-01-02 12:00:00+00:00,-1,2080.1000000000004
2024-01-03 00:30:00+00:00,1,2068.45
2024-01-03 09:30:00+00:00,-1,2067.3999999999996
2024-01-03 18:30:00+00:00,1,2041.65
2024-01-04 12:00:00+00:00,-1,2053.8
2024-01-04 15:30:00+00:00,1,2049.5
2024-01-05 06:30:00+00:00,-1,2050.05
2024-01-05 07:30:00+00:00,1,2049.7
2024-01-05 10:00:00+00:00,-1,2047.35
2024-01-05 15:30:00+00:00,1,2058.8500000000004
2024-01-05 16:30:00+00:00,-1,2060.05
2024-01-05 19:00:00+00:00,1,2052.25
2024-01-05 20:00:00+00:00,-1,2053.35
2024-01-08 00:30:00+00:00,1,2051.85
2024-01-08 02:00:00+00:00,-1,2050.7
2024-01-08 15:00:00+00:00,1,2029.9499999999998
2024-01-08 17:00:00+00:00,-1,2039.8
2024-01-09 00:00:00+00:00,1,2035.75
2024-01-09 01:30:00+00:00,-1,2039.6
2024-01-10 02:00:00+00:00,1,2036.1999999999998
2024-01-10 04:00:00+00:00,-1,2035.4
2024-01-10 07:30:00+00:00,1,2032.35
2024-01-10 11:00:00+00:00,-1,2041.15
2024-01-11 00:00:00+00:00,1,2030.5500000000002
2024-01-11 16:30:00+00:00,-1,2028.5500000000002
2024-01-11 19:30:00+00:00,1,2024.4499999999998
2024-01-12 00:30:00+00:00,-1,2036.85
2024-01-12 02:00:00+00:00,1,2037.25
2024-01-12 17:00:00+00:00,-1,2054.45
2024-01-12 18:30:00+00:00,1,2049.7
2024-01-15 04:30:00+00:00,-1,2059.3500000000004
2024-01-15 08:30:00+00:00,1,2059.45
2024-01-16 00:30:00+00:00,-1,2057.1
2024-01-17 08:00:00+00:00,1,2025.35
2024-01-17 09:00:00+00:00,-1,2025.75
2024-01-17 10:00:00+00:00,1,2025.25
2024-01-17 13:30:00+00:00,-1,2029.4
2024-01-17 23:30:00+00:00,1,2009.6
2024-01-18 03:00:00+00:00,-1,2011.1
2024-01-18 06:00:00+00:00,1,2010.5500000000002
2024-01-18 13:30:00+00:00,-1,2015.95
2024-01-18 18:00:00+00:00,1,2017.85
2024-01-19 03:30:00+00:00,-1,2024.95
2024-01-19 06:30:00+00:00,1,2023.9
2024-01-19 14:30:00+00:00,-1,2035.45
2024-01-19 21:30:00+00:00,1,2031.2
2024-01-21 23:30:00+00:00,-1,2030.5500000000002
2024-01-22 01:00:00+00:00,1,2030.4499999999998
2024-01-22 03:30:00+00:00,-1,2029.9
2024-01-22 12:00:00+00:00,1,2026.5500000000002
2024-01-22 13:30:00+00:00,-1,2027.95
2024-01-23 00:30:00+00:00,1,2022.75
2024-01-23 11:30:00+00:00,-1,2025.75
2024-01-23 19:30:00+00:00,1,2028.25
2024-01-24 02:30:00+00:00,-1,2027.15
2024-01-24 17:30:00+00:00,1,2017.2
2024-01-24 18:30:00+00:00,-1,2017.45
2024-01-24 23:00:00+00:00,1,2013.85
2024-01-25 08:30:00+00:00,-1,2015.5
2024-01-25 10:00:00+00:00,1,2016.15
2024-01-25 12:00:00+00:00,-1,2017.85
2024-01-25 14:00:00+00:00,1,2018.1
2024-01-26 12:30:00+00:00,-1,2041.1999999999998
2024-01-26 20:30:00+00:00,1,2036.4
2024-01-29 00:00:00+00:00,-1,2041.05
2024-01-29 01:30:00+00:00,1,2040.5500000000002
2024-01-29 09:30:00+00:00,-1,2049.05
2024-01-29 12:30:00+00:00,1,2046.55
2024-01-29 15:00:00+00:00,-1,2047.3
2024-01-29 17:30:00+00:00,1,2046.85
2024-01-29 18:30:00+00:00,-1,2046.4
2024-01-29 20:30:00+00:00,1,2047.75
2024-01-30 01:30:00+00:00,-1,2050.25
2024-01-30 03:00:00+00:00,1,2049.1499999999996
2024-01-30 11:30:00+00:00,-1,2053.05
2024-01-30 14:00:00+00:00,1,2055.25
2024-01-30 15:30:00+00:00,-1,2058.0
2024-01-30 17:00:00+00:00,1,2052.25
2024-01-30 18:00:00+00:00,-1,2052.3999999999996
2024-01-30 19:30:00+00:00,1,2052.7
2024-01-31 02:00:00+00:00,-1,2053.3500000000004
2024-01-31 07:30:00+00:00,1,2053.1
2024-01-31 16:30:00+00:00,-1,2069.8
2024-01-31 21:30:00+00:00,1,2054.4
2024-02-01 06:30:00+00:00,-1,2061.45
2024-02-01 14:00:00+00:00,1,2054.4
2024-02-01 18:00:00+00:00,-1,2075.05
2024-02-02 05:30:00+00:00,1,2072.3500000000004
2024-02-02 13:30:00+00:00,-1,2070.3999999999996
2024-02-04 23:00:00+00:00,1,2055.3
2024-02-05 00:30:00+00:00,-1,2054.0
2024-02-05 10:30:00+00:00,1,2039.4499999999998
2024-02-05 12:30:00+00:00,-1,2041.65
2024-02-05 16:30:00+00:00,1,2036.6
2024-02-06 03:30:00+00:00,-1,2040.85
2024-02-06 04:30:00+00:00,1,2040.6
2024-02-06 08:30:00+00:00,-1,2042.05
2024-02-06 11:30:00+00:00,1,2041.05
2024-02-07 06:00:00+00:00,-1,2050.45
2024-02-07 07:30:00+00:00,1,2050.1499999999996
2024-02-07 08:30:00+00:00,-1,2050.35
2024-02-07 13:30:00+00:00,1,2049.8
2024-02-07 17:30:00+00:00,-1,2053.05
2024-02-08 00:30:00+00:00,1,2051.7
2024-02-08 03:30:00+00:00,-1,2050.35
2024-02-08 10:00:00+00:00,1,2047.95
2024-02-08 11:30:00+00:00,-1,2047.8
2024-02-08 14:30:00+00:00,1,2041.65
2024-02-09 04:00:00+00:00,-1,2048.65
2024-02-09 18:00:00+00:00,1,2038.1
2024-02-12 01:30:00+00:00,-1,2039.0
2024-02-12 17:00:00+00:00,1,2029.05
2024-02-12 23:30:00+00:00,-1,2033.1
2024-02-13 05:30:00+00:00,1,2032.9
2024-02-13 14:00:00+00:00,-1,2030.1
2024-02-14 16:30:00+00:00,1,2002.1
2024-02-15 03:30:00+00:00,-1,2004.2
2024-02-15 05:00:00+00:00,1,2003.3000000000002
2024-02-15 16:00:00+00:00,-1,2013.75
2024-02-15 17:30:00+00:00,1,2013.1
2024-02-16 00:00:00+00:00,-1,2015.4499999999998
2024-02-16 01:30:00+00:00,1,2014.9499999999998
2024-02-16 14:00:00+00:00,-1,2016.15
2024-02-16 15:30:00+00:00,1,2014.4
2024-02-16 20:00:00+00:00,-1,2025.0
2024-02-19 00:30:00+00:00,1,2027.25
2024-02-19 04:00:00+00:00,-1,2031.85
2024-02-19 05:30:00+00:00,1,2030.75
2024-02-19 16:00:00+00:00,-1,2027.55
2024-02-19 17:30:00+00:00,1,2028.15
2024-02-19 23:30:00+00:00,-1,2028.65
2024-02-20 07:30:00+00:00,1,2031.9
2024-02-20 20:00:00+00:00,-1,2037.35
2024-02-21 01:30:00+00:00,1,2035.75
2024-02-21 08:30:00+00:00,-1,2039.0
2024-02-21 19:30:00+00:00,1,2035.05
2024-02-22 09:30:00+00:00,-1,2041.2
2024-02-22 21:00:00+00:00,1,2033.8
2024-02-23 03:00:00+00:00,-1,2035.0500000000002
2024-02-23 04:00:00+00:00,1,2035.0500000000002
2024-02-23 05:30:00+00:00,-1,2034.9
2024-02-23 10:30:00+00:00,1,2028.0
2024-02-23 20:00:00+00:00,-1,2048.05
2024-02-26 04:00:00+00:00,1,2041.4499999999998
2024-02-26 14:30:00+00:00,-1,2040.1
2024-02-26 20:30:00+00:00,1,2040.75
2024-02-26 21:30:00+00:00,-1,2041.5500000000002
2024-02-27 01:30:00+00:00,1,2041.4
2024-02-27 09:30:00+00:00,-1,2046.75
2024-02-27 12:00:00+00:00,1,2046.7
2024-02-27 17:30:00+00:00,-1,2041.9
2024-02-28 01:30:00+00:00,1,2040.4499999999998
2024-02-28 03:00:00+00:00,-1,2040.5
2024-02-28 11:00:00+00:00,1,2035.4
2024-02-28 15:00:00+00:00,-1,2042.75
2024-02-28 20:30:00+00:00,1,2042.1
2024-02-29 10:00:00+00:00,-1,2043.2
2024-02-29 14:00:00+00:00,1,2048.45
2024-02-29 16:30:00+00:00,-1,2055.35
2024-03-01 02:30:00+00:00,1,2053.25
2024-03-01 05:00:00+00:00,-1,2054.15
2024-03-01 06:30:00+00:00,1,2054.25
2024-03-01 08:00:00+00:00,-1,2054.3
2024-03-01 09:30:00+00:00,1,2051.1
2024-03-01 13:00:00+00:00,-1,2061.5
2024-03-01 15:30:00+00:00,1,2066.9
2024-03-04 01:30:00+00:00,-1,2090.55
2024-03-04 07:00:00+00:00,1,2091.8
2024-03-04 21:30:00+00:00,-1,2124.9
2024-03-05 04:30:00+00:00,1,2122.0
2024-03-05 20:00:00+00:00,-1,2139.1499999999996
2024-03-06 07:00:00+00:00,1,2135.0
2024-03-06 08:30:00+00:00,-1,2135.8
2024-03-06 11:30:00+00:00,1,2135.8
2024-03-06 19:30:00+00:00,-1,2154.15
2024-03-07 03:00:00+00:00,1,2156.1
2024-03-07 06:00:00+00:00,-1,2163.0
2024-03-07 10:00:00+00:00,1,2163.6499999999996
2024-03-07 14:30:00+00:00,-1,2164.35
2024-03-07 19:30:00+00:00,1,2166.05
2024-03-08 02:00:00+00:00,-1,2165.8
2024-03-08 06:30:00+00:00,1,2165.75
2024-03-08 18:30:00+00:00,-1,2187.95
2024-03-10 22:00:00+00:00,1,2185.2
2024-03-11 01:30:00+00:00,-1,2189.1
2024-03-11 04:00:00+00:00,1,2185.95
2024-03-11 06:00:00+00:00,-1,2186.25
2024-03-11 19:00:00+00:00,1,2186.75
2024-03-12 01:00:00+00:00,-1,2188.25
2024-03-12 07:30:00+00:00,1,2182.05
2024-03-12 11:30:00+00:00,-1,2180.4
2024-03-12 20:00:00+00:00,1,2161.1499999999996
2024-03-14 03:00:00+00:00,-1,2178.35
2024-03-15 01:00:00+00:00,1,2166.3
2024-03-15 11:30:00+00:00,-1,2172.35
2024-03-18 10:30:00+00:00,1,2159.05
2024-03-19 05:30:00+00:00,-1,2162.55
2024-03-19 17:30:00+00:00,1,2158.9
2024-03-20 00:00:00+00:00,-1,2160.45
2024-03-20 01:30:00+00:00,1,2160.8
2024-03-20 05:00:00+00:00,-1,2161.0
2024-03-20 14:00:00+00:00,1,2159.55
2024-03-21 00:30:00+00:00,-1,2202.9
2024-03-21 01:30:00+00:00,1,2202.7
2024-03-21 08:30:00+00:00,-1,2207.5
2024-03-21 10:30:00+00:00,1,2208.75
2024-03-21 13:30:00+00:00,-1,2204.75
2024-03-21 16:30:00+00:00,1,2177.6499999999996
2024-03-22 02:00:00+00:00,-1,2182.1
2024-03-22 12:30:00+00:00,1,2171.15
2024-03-22 15:30:00+00:00,-1,2171.85
2024-03-22 18:30:00+00:00,1,2162.8
2024-03-25 00:30:00+00:00,-1,2167.7
2024-03-25 01:30:00+00:00,1,2170.15
2024-03-25 03:30:00+00:00,-1,2174.95
2024-03-25 10:00:00+00:00,1,2168.05
2024-03-26 01:30:00+00:00,-1,2173.05
2024-03-26 08:30:00+00:00,1,2176.1
2024-03-26 12:30:00+00:00,-1,2217.3
2024-03-27 03:30:00+00:00,1,2197.8999999999996
2024-03-27 05:30:00+00:00,-1,2198.45
2024-03-27 10:00:00+00:00,1,2205.7
2024-03-27 12:00:00+00:00,-1,2212.1
2024-03-27 14:00:00+00:00,1,2209.2
2024-03-27 15:30:00+00:00,-1,2211.55
2024-03-27 16:30:00+00:00,1,2211.45
2024-03-27 18:00:00+00:00,-1,2211.6000000000004
2024-03-27 19:00:00+00:00,1,2211.4
2024-03-27 22:30:00+00:00,-1,2214.15
2024-03-28 02:30:00+00:00,1,2212.3
2024-03-28 07:30:00+00:00,-1,2215.8
2024-03-28 10:00:00+00:00,1,2217.25
2024-04-01 09:30:00+00:00,-1,2275.8500000000004
2024-04-01 13:00:00+00:00,1,2271.5
2024-04-01 14:00:00+00:00,-1,2270.4
2024-04-01 20:00:00+00:00,1,2262.85
2024-04-01 23:30:00+00:00,-1,2272.3
2024-04-02 03:00:00+00:00,1,2271.5
2024-04-02 04:00:00+00:00,-1,2272.8999999999996
2024-04-02 05:00:00+00:00,1,2273.5
2024-04-02 15:00:00+00:00,-1,2282.8
2024-04-02 18:00:00+00:00,1,2284.75
2024-04-03 05:00:00+00:00,-1,2304.6499999999996
2024-04-03 16:30:00+00:00,1,2310.5
2024-04-04 06:00:00+00:00,-1,2317.0
2024-04-04 14:30:00+00:00,1,2311.0
2024-04-04 19:30:00+00:00,-1,2316.3
2024-04-05 03:30:00+00:00,1,2293.5
2024-04-05 19:30:00+00:00,-1,2343.8
2024-04-05 20:30:00+00:00,1,2343.45
2024-04-07 22:30:00+00:00,-1,2337.4
2024-04-08 01:30:00+00:00,1,2330.7
2024-04-08 06:00:00+00:00,-1,2356.2
2024-04-08 10:30:00+00:00,1,2357.75
2024-04-08 12:30:00+00:00,-1,2352.65
2024-04-08 17:30:00+00:00,1,2349.6499999999996
2024-04-09 10:30:00+00:00,-1,2379.5
2024-04-09 13:30:00+00:00,1,2370.75
2024-04-09 15:00:00+00:00,-1,2373.1000000000004
2024-04-09 20:00:00+00:00,1,2368.7
2024-04-10 01:00:00+00:00,-1,2370.6499999999996
2024-04-10 04:30:00+00:00,1,2371.2
2024-04-10 09:30:00+00:00,-1,2369.95
2024-04-10 14:30:00+00:00,1,2358.45
2024-04-10 15:30:00+00:00,-1,2361.45
2024-04-10 20:30:00+00:00,1,2349.55
2024-04-11 08:30:00+00:00,-1,2351.8
2024-04-11 11:00:00+00:00,1,2354.4
2024-04-11 14:30:00+00:00,-1,2357.85
2024-04-11 16:00:00+00:00,1,2359.85
2024-04-12 04:00:00+00:00,-1,2404.8
2024-04-12 07:00:00+00:00,1,2408.3
2024-04-12 11:30:00+00:00,-1,2413.55
2024-04-12 14:00:00+00:00,1,2417.65
2024-04-12 15:30:00+00:00,-1,2423.55
2024-04-14 22:00:00+00:00,1,2362.45
2024-04-15 01:00:00+00:00,-1,2375.75
2024-04-15 02:30:00+00:00,1,2374.3
2024-04-15 07:00:00+00:00,-1,2373.25
2024-04-15 11:00:00+00:00,1,2370.2
2024-04-15 14:00:00+00:00,-1,2366.95
2024-04-15 17:00:00+00:00,1,2369.6
2024-04-16 06:30:00+00:00,-1,2399.3999999999996
2024-04-16 15:00:00+00:00,1,2391.3
2024-04-16 20:00:00+00:00,-1,2407.6
2024-04-17 08:00:00+00:00,1,2398.1000000000004
2024-04-17 10:30:00+00:00,-1,2406.55
2024-04-17 13:30:00+00:00,1,2402.25
2024-04-17 16:30:00+00:00,-1,2397.2
2024-04-18 02:30:00+00:00,1,2384.25
2024-04-19 03:00:00+00:00,-1,2418.1499999999996
2024-04-19 07:00:00+00:00,1,2400.1499999999996
2024-04-19 08:00:00+00:00,-1,2400.3
2024-04-19 17:00:00+00:00,1,2410.85
2024-04-19 18:00:00+00:00,-1,2411.25
2024-04-23 07:30:00+00:00,1,2319.2
2024-04-23 09:00:00+00:00,-1,2318.1
2024-04-23 12:30:00+00:00,1,2317.8500000000004
2024-04-23 19:00:00+00:00,-1,2339.5
2024-04-24 03:30:00+00:00,1,2336.25
2024-04-24 07:30:00+00:00,-1,2337.1
2024-04-24 13:00:00+00:00,1,2330.2
2024-04-24 16:00:00+00:00,-1,2341.15
2024-04-25 05:30:00+00:00,1,2327.85
2024-04-25 23:30:00+00:00,-1,2343.8
2024-04-26 02:00:00+00:00,1,2342.75
2024-04-26 15:00:00+00:00,-1,2348.8999999999996
2024-04-29 04:00:00+00:00,1,2338.15
2024-04-29 12:00:00+00:00,-1,2350.2
2024-04-29 16:30:00+00:00,1,2352.05
2024-04-29 19:30:00+00:00,-1,2348.45
2024-05-01 09:30:00+00:00,1,2297.5
2024-05-01 17:30:00+00:00,-1,2313.25
2024-05-01 18:30:00+00:00,1,2315.05
2024-05-02 03:00:00+00:00,-1,2330.45
2024-05-02 15:00:00+00:00,1,2309.65
2024-05-02 19:30:00+00:00,-1,2314.6499999999996
2024-05-03 05:00:00+00:00,1,2313.85
2024-05-03 06:30:00+00:00,-1,2312.6499999999996
2024-05-03 13:00:00+00:00,1,2308.65
2024-05-05 23:30:00+00:00,-1,2309.75
2024-05-06 01:00:00+00:00,1,2304.25
2024-05-07 02:00:00+00:00,-1,2332.95
2024-05-07 13:00:00+00:00,1,2323.2
2024-05-08 01:30:00+00:00,-1,2321.6
2024-05-08 03:00:00+00:00,1,2320.05
2024-05-08 06:30:00+00:00,-1,2325.0
2024-05-08 09:00:00+00:00,1,2314.9
2024-05-08 13:30:00+00:00,-1,2320.95
2024-05-08 14:30:00+00:00,1,2321.6
2024-05-08 17:30:00+00:00,-1,2323.55
2024-05-09 03:30:00+00:00,1,2318.55
2024-05-09 07:30:00+00:00,-1,2319.3500000000004
2024-05-09 11:00:00+00:00,1,2317.2
2024-05-10 12:30:00+00:00,-1,2377.3
2024-05-10 17:00:00+00:00,1,2372.95
2024-05-10 19:00:00+00:00,-1,2374.3999999999996
2024-05-13 00:30:00+00:00,1,2367.95
2024-05-13 01:30:00+00:00,-1,2367.15
2024-05-13 22:30:00+00:00,1,2343.15
2024-05-14 06:30:00+00:00,-1,2347.6000000000004
2024-05-14 09:00:00+00:00,1,2347.6000000000004
2024-05-15 05:00:00+00:00,-1,2363.65
2024-05-15 06:00:00+00:00,1,2362.6
2024-05-15 10:00:00+00:00,-1,2376.6499999999996
2024-05-15 15:00:00+00:00,1,2376.15
2024-05-16 06:00:00+00:00,-1,2394.8500000000004
2024-05-16 15:30:00+00:00,1,2382.9
2024-05-16 20:00:00+00:00,-1,2383.3
2024-05-16 22:30:00+00:00,1,2382.1
2024-05-17 08:00:00+00:00,-1,2389.35
2024-05-17 11:00:00+00:00,1,2389.05
2024-05-20 10:30:00+00:00,-1,2444.55
2024-05-20 15:00:00+00:00,1,2425.75
2024-05-20 19:30:00+00:00,-1,2436.7
2024-05-21 19:30:00+00:00,1,2425.8
2024-05-21 20:30:00+00:00,-1,2426.45
2024-05-23 04:00:00+00:00,1,2373.55
2024-05-23 05:30:00+00:00,-1,2373.4
2024-05-23 09:00:00+00:00,1,2360.3500000000004
2024-05-23 17:00:00+00:00,-1,2344.8
2024-05-24 01:30:00+00:00,1,2332.8999999999996
2024-05-24 02:30:00+00:00,-1,2333.2
2024-05-24 04:30:00+00:00,1,2332.75
2024-05-24 15:30:00+00:00,-1,2337.25
2024-05-24 18:30:00+00:00,1,2335.6000000000004
2024-05-24 19:30:00+00:00,-1,2335.55
2024-05-26 22:30:00+00:00,1,2336.6499999999996
2024-05-27 00:00:00+00:00,-1,2339.0
2024-05-27 01:30:00+00:00,1,2339.05
2024-05-27 04:30:00+00:00,-1,2345.05
2024-05-27 08:30:00+00:00,1,2342.55
2024-05-27 22:00:00+00:00,-1,2354.8
2024-05-28 12:00:00+00:00,1,2346.8
2024-05-28 17:00:00+00:00,-1,2357.8
2024-05-30 04:00:00+00:00,1,2332.0
2024-05-30 05:30:00+00:00,-1,2331.45
2024-05-30 07:00:00+00:00,1,2329.55
2024-05-30 10:00:00+00:00,-1,2331.8
2024-05-30 11:00:00+00:00,1,2332.85
2024-05-30 18:00:00+00:00,-1,2366.0
2024-05-31 13:00:00+00:00,1,2369.95
2024-05-31 14:00:00+00:00,-1,2372.15
2024-05-31 20:00:00+00:00,1,2345.8
2024-06-02 22:30:00+00:00,-1,2347.35
2024-06-03 07:00:00+00:00,1,2341.9
2024-06-04 01:30:00+00:00,-1,2369.55
2024-06-04 04:30:00+00:00,1,2367.45
2024-06-04 07:00:00+00:00,-1,2366.25
2024-06-04 12:30:00+00:00,1,2349.8999999999996
2024-06-05 06:30:00+00:00,-1,2355.3
2024-06-05 13:00:00+00:00,1,2358.75
2024-06-06 08:00:00+00:00,-1,2383.35
2024-06-06 15:30:00+00:00,1,2389.2
2024-06-07 01:30:00+00:00,-1,2393.65
2024-06-07 03:00:00+00:00,1,2392.6
2024-06-07 05:30:00+00:00,-1,2402.45
2024-06-09 23:00:00+00:00,1,2313.0
2024-06-10 00:30:00+00:00,-1,2314.45
2024-06-10 07:30:00+00:00,1,2311.35
2024-06-10 20:00:00+00:00,-1,2328.25
2024-06-11 12:30:00+00:00,1,2328.3500000000004
2024-06-11 16:30:00+00:00,-1,2326.65
2024-06-11 17:30:00+00:00,1,2326.3500000000004
2024-06-12 01:00:00+00:00,-1,2331.0
2024-06-12 06:00:00+00:00,1,2330.3999999999996
2024-06-12 14:00:00+00:00,-1,2349.7
2024-06-12 15:30:00+00:00,1,2344.65
2024-06-12 18:00:00+00:00,-1,2352.3999999999996
2024-06-12 20:30:00+00:00,1,2338.3500000000004
2024-06-12 22:30:00+00:00,-1,2338.8
2024-06-13 06:30:00+00:00,1,2328.0
2024-06-13 11:30:00+00:00,-1,2329.5
2024-06-13 13:00:00+00:00,1,2328.05
2024-06-13 14:00:00+00:00,-1,2330.45
2024-06-13 19:00:00+00:00,1,2318.1
2024-06-16 22:30:00+00:00,-1,2346.1499999999996
2024-06-17 04:00:00+00:00,1,2338.25
2024-06-17 05:30:00+00:00,-1,2336.9
2024-06-17 22:30:00+00:00,1,2334.7
2024-06-18 05:00:00+00:00,-1,2337.65
2024-06-18 12:00:00+00:00,1,2325.9
2024-06-19 03:30:00+00:00,-1,2344.3999999999996
2024-06-19 16:00:00+00:00,1,2343.0
2024-06-20 03:00:00+00:00,-1,2348.3
2024-06-20 04:30:00+00:00,1,2349.7
2024-06-20 08:00:00+00:00,-1,2353.85
2024-06-20 10:30:00+00:00,1,2349.75
2024-06-21 01:30:00+00:00,-1,2374.95
2024-06-21 04:00:00+00:00,1,2374.65
2024-06-21 06:30:00+00:00,-1,2375.85
2024-06-21 08:00:00+00:00,1,2374.25
2024-06-21 09:30:00+00:00,-1,2378.45
2024-06-21 11:30:00+00:00,1,2377.9
2024-06-21 12:30:00+00:00,-1,2378.4
2024-06-21 18:30:00+00:00,1,2333.8
2024-06-23 23:30:00+00:00,-1,2332.7
2024-06-24 01:30:00+00:00,1,2334.15
2024-06-24 09:30:00+00:00,-1,2341.1499999999996
2024-06-24 17:00:00+00:00,1,2342.8
2024-06-24 23:00:00+00:00,-1,2344.95
2024-06-25 05:00:00+00:00,1,2338.8999999999996
2024-06-25 06:00:00+00:00,-1,2338.3999999999996
2024-06-25 09:00:00+00:00,1,2340.6499999999996
2024-06-25 11:30:00+00:00,-1,2345.05
2024-06-26 07:00:00+00:00,1,2324.45
2024-06-26 10:30:00+00:00,-1,2325.1499999999996
2024-06-26 12:00:00+00:00,1,2322.45
2024-06-26 13:00:00+00:00,-1,2324.1
2024-06-27 04:30:00+00:00,1,2309.75
2024-06-28 00:30:00+00:00,-1,2336.8
2024-06-28 02:30:00+00:00,1,2332.6000000000004
2024-06-28 04:00:00+00:00,-1,2332.7
2024-06-28 05:30:00+00:00,1,2332.9
2024-06-28 18:00:00+00:00,-1,2339.2
2024-07-01 01:30:00+00:00,1,2335.9
2024-07-01 04:00:00+00:00,-1,2336.45
2024-07-01 06:30:00+00:00,1,2333.3500000000004
2024-07-01 12:30:00+00:00,-1,2345.05
2024-07-01 15:30:00+00:00,1,2334.6
2024-07-02 03:30:00+00:00,-1,2339.8999999999996
2024-07-02 13:00:00+00:00,1,2334.2
2024-07-02 16:00:00+00:00,-1,2334.5
2024-07-02 18:30:00+00:00,1,2334.3999999999996
2024-07-03 16:30:00+00:00,-1,2369.8999999999996
2024-07-03 23:00:00+00:00,1,2365.9
2024-07-04 02:30:00+00:00,-1,2368.6499999999996
2024-07-04 08:00:00+00:00,1,2365.0
2024-07-05 10:00:00+00:00,-1,2373.0
2024-07-05 13:00:00+00:00,1,2377.6
2024-07-05 20:00:00+00:00,-1,2398.75
2024-07-08 05:00:00+00:00,1,2392.25
2024-07-08 06:00:00+00:00,-1,2392.35
2024-07-08 23:30:00+00:00,1,2367.5
2024-07-09 05:30:00+00:00,-1,2373.05
2024-07-09 13:30:00+00:00,1,2368.25
2024-07-10 17:30:00+00:00,-1,2381.8
2024-07-11 03:00:00+00:00,1,2382.05
2024-07-11 16:30:00+00:00,-1,2421.95
2024-07-12 14:30:00+00:00,1,2411.3
2024-07-12 18:30:00+00:00,-1,2420.45
2024-07-15 04:00:00+00:00,1,2415.9
2024-07-15 06:00:00+00:00,-1,2414.25
2024-07-15 08:00:00+00:00,1,2410.3
2024-07-15 17:00:00+00:00,-1,2435.55
2024-07-16 01:30:00+00:00,1,2427.4
2024-07-16 13:00:00+00:00,-1,2443.45
2024-07-16 14:00:00+00:00,1,2444.05
2024-07-17 03:00:00+00:00,-1,2481.2
2024-07-17 08:00:00+00:00,1,2475.8
2024-07-17 11:00:00+00:00,-1,2476.2
2024-07-17 19:00:00+00:00,1,2461.15
2024-07-18 08:30:00+00:00,-1,2473.8500000000004
2024-07-21 22:00:00+00:00,1,2402.15
2024-07-22 11:30:00+00:00,-1,2406.4
2024-07-22 16:30:00+00:00,1,2389.25
2024-07-22 22:00:00+00:00,-1,2399.45
2024-07-23 00:30:00+00:00,1,2397.8500000000004
2024-07-23 03:00:00+00:00,-1,2400.9
2024-07-23 08:00:00+00:00,1,2397.1
2024-07-24 08:00:00+00:00,-1,2416.3
2024-07-24 10:00:00+00:00,1,2414.1499999999996
2024-07-24 16:30:00+00:00,-1,2422.75
2024-07-24 23:30:00+00:00,1,2397.8
2024-07-25 01:30:00+00:00,-1,2392.2
2024-07-25 19:30:00+00:00,1,2360.25
2024-07-26 06:30:00+00:00,-1,2369.65
2024-07-26 09:00:00+00:00,1,2394.8
2024-07-26 17:30:00+00:00,-1,2431.5
2024-07-28 22:30:00+00:00,1,2437.9
2024-07-29 01:30:00+00:00,-1,2442.85
2024-07-29 13:00:00+00:00,1,2436.7
2024-07-29 15:00:00+00:00,-1,2431.05
2024-07-29 19:30:00+00:00,1,2426.9
2024-07-29 23:30:00+00:00,-1,2428.1
2024-07-30 04:00:00+00:00,1,2429.75
2024-07-30 12:00:00+00:00,-1,2434.3
2024-07-30 13:30:00+00:00,1,2434.9
2024-07-30 15:30:00+00:00,-1,2434.55
2024-07-30 16:30:00+00:00,1,2433.95
2024-07-31 07:30:00+00:00,-1,2464.75
2024-07-31 09:00:00+00:00,1,2463.75
2024-07-31 23:30:00+00:00,-1,2491.8
2024-08-01 01:30:00+00:00,1,2494.25
2024-08-01 02:30:00+00:00,-1,2494.3
2024-08-01 11:30:00+00:00,1,2480.35
2024-08-01 17:30:00+00:00,-1,2485.4
2024-08-01 19:30:00+00:00,1,2485.3
2024-08-02 01:30:00+00:00,-1,2492.75
2024-08-02 04:30:00+00:00,1,2499.7
2024-08-02 11:30:00+00:00,-1,2506.3
2024-08-02 20:00:00+00:00,1,2476.45
2024-08-05 00:30:00+00:00,-1,2477.55
2024-08-05 03:00:00+00:00,1,2483.1499999999996
2024-08-05 05:30:00+00:00,-1,2490.55
2024-08-05 13:30:00+00:00,1,2420.1499999999996
2024-08-06 06:00:00+00:00,-1,2447.95
2024-08-06 08:00:00+00:00,1,2448.5
2024-08-06 12:30:00+00:00,-1,2447.3500000000004
2024-08-07 04:30:00+00:00,1,2428.8
2024-08-07 16:00:00+00:00,-1,2436.85
2024-08-08 04:00:00+00:00,1,2430.8
2024-08-09 03:00:00+00:00,-1,2463.2
2024-08-09 07:00:00+00:00,1,2459.35
2024-08-09 12:00:00+00:00,-1,2467.75
2024-08-12 04:30:00+00:00,1,2468.55
2024-08-13 01:00:00+00:00,-1,2513.95
2024-08-13 11:30:00+00:00,1,2502.7
2024-08-14 02:30:00+00:00,-1,2502.8
2024-08-14 06:30:00+00:00,1,2502.9
2024-08-14 13:00:00+00:00,-1,2509.3
2024-08-14 18:30:00+00:00,1,2481.8
2024-08-15 05:00:00+00:00,-1,2491.25
2024-08-15 10:30:00+00:00,1,2494.8500000000004
2024-08-15 13:00:00+00:00,-1,2494.95
2024-08-15 18:30:00+00:00,1,2493.9
2024-08-15 20:00:00+00:00,-1,2495.2
2024-08-15 23:30:00+00:00,1,2493.45
2024-08-16 03:30:00+00:00,-1,2491.1499999999996
2024-08-16 06:00:00+00:00,1,2492.05
2024-08-19 10:00:00+00:00,-1,2539.2
2024-08-19 12:00:00+00:00,1,2530.3500000000004
2024-08-20 15:30:00+00:00,-1,2556.3500000000004
2024-08-20 20:00:00+00:00,1,2552.5
2024-08-21 08:00:00+00:00,-1,2550.25
2024-08-21 15:30:00+00:00,1,2544.15
2024-08-22 02:00:00+00:00,-1,2546.05
2024-08-22 06:00:00+00:00,1,2540.7
2024-08-22 08:30:00+00:00,-1,2541.3
2024-08-22 10:00:00+00:00,1,2542.15
2024-08-22 11:00:00+00:00,-1,2542.25
2024-08-23 00:00:00+00:00,1,2521.65
2024-08-26 03:30:00+00:00,-1,2547.2
2024-08-26 06:30:00+00:00,1,2547.55
2024-08-26 14:00:00+00:00,-1,2555.2
2024-08-26 17:00:00+00:00,1,2553.6499999999996
2024-08-26 22:30:00+00:00,-1,2553.05
2024-08-27 05:30:00+00:00,1,2544.2
2024-08-27 07:30:00+00:00,-1,2547.65
2024-08-27 17:00:00+00:00,1,2548.95
2024-08-28 01:30:00+00:00,-1,2557.95
2024-08-28 09:30:00+00:00,1,2543.55
2024-08-28 10:30:00+00:00,-1,2542.95
2024-08-28 19:00:00+00:00,1,2540.8500000000004
2024-08-28 22:00:00+00:00,-1,2541.1499999999996
2024-08-29 00:00:00+00:00,1,2541.1
2024-08-29 12:00:00+00:00,-1,2554.0
2024-08-29 17:00:00+00:00,1,2558.1
2024-08-29 23:30:00+00:00,-1,2553.45
2024-08-30 08:30:00+00:00,1,2554.7
2024-08-30 10:30:00+00:00,-1,2554.6
2024-08-30 18:30:00+00:00,1,2533.4
2024-09-02 02:00:00+00:00,-1,2530.95
2024-09-02 03:30:00+00:00,1,2525.9
2024-09-03 01:00:00+00:00,-1,2527.8
2024-09-03 07:30:00+00:00,1,2531.25
2024-09-03 10:00:00+00:00,-1,2533.5
2024-09-03 16:00:00+00:00,1,2515.8500000000004
2024-09-04 06:00:00+00:00,-1,2525.1499999999996
2024-09-04 10:00:00+00:00,1,2509.75
2024-09-04 17:30:00+00:00,-1,2526.45
2024-09-04 20:30:00+00:00,1,2525.15
2024-09-05 03:30:00+00:00,-1,2527.3
2024-09-05 06:00:00+00:00,1,2528.25
2024-09-06 00:30:00+00:00,-1,2546.8500000000004
2024-09-06 03:00:00+00:00,1,2546.55
2024-09-06 12:00:00+00:00,-1,2547.75
2024-09-09 04:00:00+00:00,1,2527.55
2024-09-09 05:00:00+00:00,-1,2527.45
2024-09-09 09:30:00+00:00,1,2523.2
2024-09-10 02:00:00+00:00,-1,2532.95
2024-09-10 05:30:00+00:00,1,2531.25
2024-09-10 14:00:00+00:00,-1,2538.55
2024-09-10 15:00:00+00:00,1,2536.85
2024-09-11 13:00:00+00:00,-1,2543.7
2024-09-11 15:30:00+00:00,1,2539.75
2024-09-12 07:00:00+00:00,-1,2546.0
2024-09-12 12:00:00+00:00,1,2546.05
2024-09-15 22:00:00+00:00,-1,2608.75
2024-09-16 00:30:00+00:00,1,2608.5
2024-09-16 07:00:00+00:00,-1,2613.8
2024-09-16 08:30:00+00:00,1,2613.1499999999996
2024-09-16 10:30:00+00:00,-1,2610.6499999999996
2024-09-16 20:00:00+00:00,1,2609.1
2024-09-17 01:00:00+00:00,-1,2608.4
2024-09-17 02:00:00+00:00,1,2608.8
2024-09-17 03:00:00+00:00,-1,2609.1
2024-09-17 06:00:00+00:00,1,2605.1499999999996
2024-09-17 09:00:00+00:00,-1,2607.55
2024-09-17 11:30:00+00:00,1,2601.55
2024-09-17 15:30:00+00:00,-1,2597.15
2024-09-17 18:00:00+00:00,1,2594.2
2024-09-18 04:30:00+00:00,-1,2600.8
2024-09-18 10:00:00+00:00,1,2597.7
2024-09-18 14:00:00+00:00,-1,2602.1
2024-09-19 02:30:00+00:00,1,2583.7
2024-09-19 10:30:00+00:00,-1,2615.2
2024-09-19 16:00:00+00:00,1,2611.7
2024-09-20 09:30:00+00:00,-1,2633.8
2024-09-20 10:30:00+00:00,1,2633.25
2024-09-20 13:30:00+00:00,-1,2638.45
2024-09-20 14:30:00+00:00,1,2637.15
2024-09-20 17:30:00+00:00,-1,2647.3500000000004
2024-09-23 03:00:00+00:00,1,2647.6499999999996
2024-09-23 07:00:00+00:00,-1,2650.5
2024-09-23 10:00:00+00:00,1,2644.8999999999996
2024-09-23 23:30:00+00:00,-1,2651.55
2024-09-24 01:30:00+00:00,1,2651.5
2024-09-24 06:00:00+00:00,-1,2657.95
2024-09-24 10:00:00+00:00,1,2654.8999999999996
2024-09-24 11:30:00+00:00,-1,2656.85
2024-09-24 13:00:00+00:00,1,2654.8
2024-09-24 22:00:00+00:00,-1,2685.55
2024-09-25 17:30:00+00:00,1,2682.05
2024-09-25 20:30:00+00:00,-1,2683.35
2024-09-26 08:00:00+00:00,1,2687.3999999999996
2024-09-26 20:00:00+00:00,-1,2696.95
2024-09-27 03:30:00+00:00,1,2693.45
2024-09-27 05:30:00+00:00,-1,2690.3
2024-09-27 11:30:00+00:00,1,2687.75
2024-09-27 14:30:00+00:00,-1,2686.0
2024-09-27 19:30:00+00:00,1,2671.7
2024-09-30 01:30:00+00:00,-1,2682.15
2024-09-30 05:30:00+00:00,1,2677.75
2024-09-30 08:00:00+00:00,-1,2678.25
2024-09-30 16:30:00+00:00,1,2657.25
2024-09-30 18:30:00+00:00,-1,2656.3
2024-09-30 20:30:00+00:00,1,2653.9
2024-10-01 20:00:00+00:00,-1,2681.9
2024-10-01 22:00:00+00:00,1,2681.7
2024-10-01 23:30:00+00:00,-1,2682.45
2024-10-02 07:00:00+00:00,1,2670.3500000000004
2024-10-02 15:00:00+00:00,-1,2672.05
2024-10-02 18:00:00+00:00,1,2671.8
2024-10-03 05:30:00+00:00,-1,2674.75
2024-10-03 17:00:00+00:00,1,2676.25
2024-10-04 06:30:00+00:00,-1,2685.75
2024-10-04 15:00:00+00:00,1,2675.3999999999996
2024-10-04 16:00:00+00:00,-1,2675.55
2024-10-04 20:00:00+00:00,1,2668.95
2024-10-07 05:00:00+00:00,-1,2666.3999999999996
2024-10-07 07:30:00+00:00,1,2664.1000000000004
2024-10-07 12:30:00+00:00,-1,2672.85
2024-10-08 03:30:00+00:00,1,2659.15
2024-10-08 07:00:00+00:00,-1,2658.8500000000004
2024-10-08 09:00:00+00:00,1,2654.8500000000004
2024-10-08 13:00:00+00:00,-1,2667.3
2024-10-08 20:00:00+00:00,1,2638.3500000000004
2024-10-09 06:30:00+00:00,-1,2636.6000000000004
2024-10-09 09:00:00+00:00,1,2633.8500000000004
2024-10-09 13:30:00+00:00,-1,2632.55
2024-10-09 15:30:00+00:00,1,2630.65
2024-10-09 16:30:00+00:00,-1,2630.2
2024-10-10 03:00:00+00:00,1,2629.7
2024-10-10 04:00:00+00:00,-1,2631.1
2024-10-10 13:00:00+00:00,1,2633.5
2024-10-10 17:00:00+00:00,-1,2640.35
2024-10-10 18:00:00+00:00,1,2640.2
2024-10-11 09:30:00+00:00,-1,2656.1000000000004
2024-10-11 11:00:00+00:00,1,2656.0
2024-10-13 22:30:00+00:00,-1,2669.7
2024-10-14 03:00:00+00:00,1,2668.0
2024-10-14 11:30:00+00:00,-1,2672.8500000000004
2024-10-14 20:00:00+00:00,1,2668.7
2024-10-14 22:00:00+00:00,-1,2667.85
2024-10-15 06:30:00+00:00,1,2660.4
2024-10-15 17:00:00+00:00,-1,2680.25
2024-10-15 18:00:00+00:00,1,2679.85
2024-10-15 20:00:00+00:00,-1,2679.15
2024-10-16 01:30:00+00:00,1,2677.2
2024-10-16 10:30:00+00:00,-1,2694.1
2024-10-16 11:30:00+00:00,1,2693.45
2024-10-17 12:00:00+00:00,-1,2699.3
2024-10-18 01:30:00+00:00,1,2712.95
2024-10-18 06:30:00+00:00,-1,2724.3999999999996
2024-10-18 09:00:00+00:00,1,2720.95
2024-10-21 05:30:00+00:00,-1,2743.85
2024-10-21 09:30:00+00:00,1,2748.35
2024-10-21 10:30:00+00:00,-1,2748.5
2024-10-21 11:30:00+00:00,1,2748.75
2024-10-21 15:00:00+00:00,-1,2744.6000000000004
2024-10-21 17:00:00+00:00,1,2738.05
2024-10-21 18:00:00+00:00,-1,2737.8999999999996
2024-10-22 00:30:00+00:00,1,2737.05
2024-10-22 09:30:00+00:00,-1,2748.55
2024-10-22 10:30:00+00:00,1,2748.75
2024-10-22 16:00:00+00:00,-1,2755.05
2024-10-22 17:00:00+00:00,1,2757.15
2024-10-23 00:00:00+00:00,-1,2761.1499999999996
2024-10-23 04:00:00+00:00,1,2756.8999999999996
2024-10-23 09:30:00+00:00,-1,2768.3500000000004
2024-10-23 22:30:00+00:00,1,2730.05
2024-10-24 14:00:00+00:00,-1,2750.1499999999996
2024-10-24 17:00:00+00:00,1,2745.1499999999996
2024-10-24 22:30:00+00:00,-1,2747.55
2024-10-25 05:30:00+00:00,1,2739.55
2024-10-25 08:00:00+00:00,-1,2740.35
2024-10-25 11:30:00+00:00,1,2735.45
2024-10-27 22:00:00+00:00,-1,2752.6
2024-10-28 05:30:00+00:00,1,2746.3999999999996
2024-10-28 09:00:00+00:00,-1,2748.05
2024-10-28 13:30:00+00:00,1,2748.95
2024-10-28 18:30:00+00:00,-1,2755.4
2024-10-29 00:00:00+00:00,1,2755.0
2024-10-29 08:00:00+00:00,-1,2764.8
2024-10-29 09:00:00+00:00,1,2765.35
2024-10-29 10:00:00+00:00,-1,2765.55
2024-10-29 14:00:00+00:00,1,2771.3999999999996
2024-10-30 07:30:00+00:00,-1,2797.6
2024-10-30 13:00:00+00:00,1,2790.8500000000004
2024-10-31 07:00:00+00:00,-1,2793.95
2024-10-31 19:00:00+00:00,1,2754.8500000000004
2024-11-01 07:30:00+00:00,-1,2760.6
2024-11-01 08:30:00+00:00,1,2760.7
2024-11-01 10:00:00+00:00,-1,2761.8
2024-11-01 11:30:00+00:00,1,2760.75
2024-11-01 17:30:00+00:00,-1,2749.7
2024-11-03 23:30:00+00:00,1,2746.8
2024-11-04 08:00:00+00:00,-1,2747.6
2024-11-04 09:30:00+00:00,1,2748.1499999999996
2024-11-04 11:00:00+00:00,-1,2749.75
2024-11-05 04:00:00+00:00,1,2741.55
2024-11-05 08:00:00+00:00,-1,2745.7
2024-11-05 09:00:00+00:00,1,2748.1000000000004
2024-11-05 10:00:00+00:00,-1,2750.05
2024-11-05 13:30:00+00:00,1,2750.2
2024-11-06 00:30:00+00:00,-1,2750.3
2024-11-06 01:30:00+00:00,1,2749.15
2024-11-06 06:30:00+00:00,-1,2737.5
2024-11-06 15:30:00+00:00,1,2673.25
2024-11-06 20:30:00+00:00,-1,2673.0
2024-11-07 02:30:00+00:00,1,2658.1499999999996
2024-11-08 01:30:00+00:00,-1,2711.6000000000004
2024-11-08 14:00:00+00:00,1,2703.1000000000004
2024-11-08 15:00:00+00:00,-1,2701.7
2024-11-11 06:30:00+00:00,1,2678.1499999999996
2024-11-11 13:00:00+00:00,-1,2664.95
2024-11-11 19:00:00+00:00,1,2622.2
2024-11-12 04:00:00+00:00,-1,2626.5
2024-11-12 12:30:00+00:00,1,2605.95
2024-11-12 15:30:00+00:00,-1,2613.7
2024-11-13 01:30:00+00:00,1,2609.0
2024-11-13 05:00:00+00:00,-1,2614.45
2024-11-13 09:00:00+00:00,1,2612.6499999999996
2024-11-13 15:00:00+00:00,-1,2613.0
2024-11-14 12:00:00+00:00,1,2555.3
2024-11-15 05:00:00+00:00,-1,2572.0
2024-11-17 23:00:00+00:00,1,2567.75
2024-11-18 05:30:00+00:00,-1,2594.1499999999996
2024-11-18 09:30:00+00:00,1,2593.1
2024-11-19 07:30:00+00:00,-1,2625.1000000000004
2024-11-19 09:00:00+00:00,1,2627.6000000000004
2024-11-20 04:00:00+00:00,-1,2642.45
2024-11-20 12:00:00+00:00,1,2629.5
2024-11-21 12:30:00+00:00,-1,2671.3
2024-11-21 18:00:00+00:00,1,2670.75
2024-11-22 11:30:00+00:00,-1,2706.3500000000004
2024-11-22 15:00:00+00:00,1,2696.3
2024-11-25 01:00:00+00:00,-1,2715.4
2024-11-25 11:00:00+00:00,1,2677.5
2024-11-25 14:30:00+00:00,-1,2663.3
2024-11-25 19:30:00+00:00,1,2623.6499999999996
2024-11-26 00:00:00+00:00,-1,2624.95
2024-11-26 01:30:00+00:00,1,2625.2
2024-11-26 05:00:00+00:00,-1,2627.35
2024-11-26 09:30:00+00:00,1,2619.3500000000004
2024-11-26 18:30:00+00:00,-1,2649.95
2024-11-26 19:30:00+00:00,1,2650.1000000000004
2024-11-27 00:30:00+00:00,-1,2656.05
2024-11-27 02:30:00+00:00,1,2659.8
2024-11-27 15:30:00+00:00,-1,2672.9
2024-11-27 20:30:00+00:00,1,2661.95
2024-11-27 21:30:00+00:00,-1,2661.7
2024-11-28 03:30:00+00:00,1,2653.1000000000004
2024-11-28 15:00:00+00:00,-1,2667.8999999999996
2024-11-28 16:30:00+00:00,1,2664.3
2024-11-28 23:00:00+00:00,-1,2663.3
2024-11-29 01:30:00+00:00,1,2665.25
2024-11-29 07:30:00+00:00,-1,2686.6
2024-11-29 16:00:00+00:00,1,2681.25
2024-11-29 18:30:00+00:00,-1,2680.75
2024-12-02 07:30:00+00:00,1,2650.75
2024-12-03 05:00:00+00:00,-1,2662.6000000000004
2024-12-03 06:00:00+00:00,1,2663.05
2024-12-03 12:30:00+00:00,-1,2664.9
2024-12-03 13:30:00+00:00,1,2665.4
2024-12-03 15:00:00+00:00,-1,2671.55
2024-12-04 02:00:00+00:00,1,2664.05
2024-12-04 07:30:00+00:00,-1,2668.95
2024-12-04 11:00:00+00:00,1,2665.25
2024-12-04 20:30:00+00:00,-1,2675.2
2024-12-05 05:30:00+00:00,1,2672.55
2024-12-05 08:30:00+00:00,-1,2671.6499999999996
2024-12-05 10:30:00+00:00,1,2670.65
2024-12-05 15:00:00+00:00,-1,2666.4
2024-12-06 03:00:00+00:00,1,2646.3999999999996
2024-12-06 06:00:00+00:00,-1,2663.2
2024-12-08 23:00:00+00:00,1,2657.1000000000004
2024-12-09 00:30:00+00:00,-1,2656.0
2024-12-09 01:30:00+00:00,1,2659.75
2024-12-09 04:00:00+00:00,-1,2661.45
2024-12-09 06:30:00+00:00,1,2662.55
2024-12-09 16:00:00+00:00,-1,2694.0
2024-12-10 01:00:00+00:00,1,2684.3999999999996
2024-12-10 08:00:00+00:00,-1,2688.8999999999996
2024-12-10 10:30:00+00:00,1,2690.15
2024-12-11 06:00:00+00:00,-1,2732.85
2024-12-11 14:00:00+00:00,1,2729.35
2024-12-11 19:00:00+00:00,-1,2754.25
2024-12-11 20:00:00+00:00,1,2752.8500000000004
2024-12-12 01:30:00+00:00,-1,2754.65
2024-12-12 07:00:00+00:00,1,2749.5
2024-12-12 10:00:00+00:00,-1,2749.7
2024-12-12 17:30:00+00:00,1,2707.9
2024-12-12 20:00:00+00:00,-1,2707.3
2024-12-13 01:00:00+00:00,1,2707.25
2024-12-13 09:00:00+00:00,-1,2700.1499999999996
2024-12-13 12:30:00+00:00,1,2687.95
2024-12-13 13:30:00+00:00,-1,2687.05
2024-12-16 01:30:00+00:00,1,2669.7
2024-12-16 16:30:00+00:00,-1,2671.3
2024-12-17 01:00:00+00:00,1,2670.65
2024-12-17 03:00:00+00:00,-1,2673.05
2024-12-17 07:30:00+00:00,1,2668.7
2024-12-17 08:30:00+00:00,-1,2668.4
2024-12-17 12:00:00+00:00,1,2655.3999999999996
2024-12-17 14:00:00+00:00,-1,2655.8
2024-12-17 17:30:00+00:00,1,2657.05
2024-12-18 14:30:00+00:00,-1,2656.3
2024-12-19 00:30:00+00:00,1,2605.65
2024-12-19 12:00:00+00:00,-1,2631.55
2024-12-19 19:00:00+00:00,1,2611.1000000000004
2024-12-20 21:00:00+00:00,-1,2644.55
2024-12-23 07:00:00+00:00,1,2643.4
2024-12-23 10:30:00+00:00,-1,2639.35
2024-12-23 17:00:00+00:00,1,2628.45
2024-12-24 03:00:00+00:00,-1,2631.8
2024-12-24 16:30:00+00:00,1,2629.1000000000004
2024-12-26 12:30:00+00:00,-1,2643.1
2024-12-26 15:00:00+00:00,1,2644.3500000000004
2024-12-26 16:30:00+00:00,-1,2650.8
2024-12-26 18:30:00+00:00,1,2650.4
2024-12-27 04:30:00+00:00,-1,2651.3
2024-12-27 12:00:00+00:00,1,2642.65
2024-12-27 13:00:00+00:00,-1,2642.85
2024-12-27 18:30:00+00:00,1,2631.65
2024-12-27 20:30:00+00:00,-1,2633.35
2024-12-29 23:00:00+00:00,1,2633.3999999999996
2024-12-30 04:30:00+00:00,-1,2637.8
2024-12-30 11:30:00+00:00,1,2626.8500000000004
2024-12-30 14:00:00+00:00,-1,2629.0
2024-12-30 17:30:00+00:00,1,2613.8500000000004
2024-12-31 03:00:00+00:00,-1,2619.8999999999996
2024-12-31 05:00:00+00:00,1,2618.1
2024-12-31 10:30:00+00:00,-1,2626.3
2024-12-31 15:30:00+00:00,1,2630.75
2025-01-02 21:30:00+00:00,-1,2672.05
2025-01-06 09:00:00+00:00,1,2642.75
2025-01-06 13:30:00+00:00,-1,2654.45
2025-01-06 15:00:00+00:00,1,2641.1
2025-01-06 17:30:00+00:00,-1,2649.1000000000004
2025-01-06 21:30:00+00:00,1,2645.75
2025-01-06 23:30:00+00:00,-1,2645.95
2025-01-07 01:00:00+00:00,1,2645.85
2025-01-07 07:00:00+00:00,-1,2654.1
2025-01-07 12:00:00+00:00,1,2658.5
2025-01-07 15:30:00+00:00,-1,2667.9
2025-01-08 05:30:00+00:00,1,2661.55
2025-01-08 11:30:00+00:00,-1,2665.7
2025-01-08 14:00:00+00:00,1,2674.35
2025-01-08 17:30:00+00:00,-1,2679.95
2025-01-08 21:00:00+00:00,1,2678.3500000000004
2025-01-09 00:30:00+00:00,-1,2678.8
2025-01-09 03:30:00+00:00,1,2677.45
2025-01-09 04:30:00+00:00,-1,2677.65
2025-01-09 07:00:00+00:00,1,2679.8999999999996
2025-01-10 04:30:00+00:00,-1,2696.8999999999996
2025-01-10 05:30:00+00:00,1,2697.0
2025-01-10 12:30:00+00:00,-1,2707.8
2025-01-10 14:00:00+00:00,1,2709.3
2025-01-10 18:30:00+00:00,-1,2721.0
2025-01-13 00:00:00+00:00,1,2718.7
2025-01-13 01:30:00+00:00,-1,2717.6
2025-01-13 21:00:00+00:00,1,2679.0
2025-01-14 06:00:00+00:00,-1,2684.9
2025-01-14 12:00:00+00:00,1,2680.6499999999996
2025-01-15 15:00:00+00:00,-1,2706.65
2025-01-15 17:00:00+00:00,1,2709.5
2025-01-16 05:30:00+00:00,-1,2726.55
2025-01-16 09:30:00+00:00,1,2732.8
2025-01-16 12:00:00+00:00,-1,2734.3999999999996
2025-01-16 13:30:00+00:00,1,2734.6499999999996
2025-01-16 18:30:00+00:00,-1,2752.75
2025-01-17 00:30:00+00:00,1,2745.6000000000004
2025-01-17 05:00:00+00:00,-1,2745.75
2025-01-17 12:00:00+00:00,1,2735.25
2025-01-17 18:30:00+00:00,-1,2751.3500000000004
2025-01-20 03:00:00+00:00,1,2739.55
2025-01-20 07:30:00+00:00,-1,2749.25
2025-01-20 19:00:00+00:00,1,2729.5
2025-01-21 07:00:00+00:00,-1,2741.05
2025-01-21 13:00:00+00:00,1,2737.3500000000004
2025-01-21 19:30:00+00:00,-1,2758.55
2025-01-22 01:00:00+00:00,1,2760.8
2025-01-22 06:30:00+00:00,-1,2766.2
2025-01-22 09:00:00+00:00,1,2766.25
2025-01-22 19:30:00+00:00,-1,2768.8999999999996
2025-01-23 06:30:00+00:00,1,2761.35
2025-01-23 09:30:00+00:00,-1,2757.5
2025-01-23 11:00:00+00:00,1,2756.15
2025-01-23 12:30:00+00:00,-1,2756.25
2025-01-23 16:30:00+00:00,1,2756.9
2025-01-23 20:30:00+00:00,-1,2762.55
2025-01-24 00:30:00+00:00,1,2763.6
2025-01-24 07:00:00+00:00,-1,2781.1
2025-01-24 13:30:00+00:00,1,2787.1000000000004
2025-01-24 21:00:00+00:00,-1,2779.7
2025-01-27 03:30:00+00:00,1,2764.05
2025-01-27 04:30:00+00:00,-1,2764.4
2025-01-27 08:30:00+00:00,1,2758.6000000000004
2025-01-27 12:30:00+00:00,-1,2770.6000000000004
2025-01-27 21:00:00+00:00,1,2742.8
2025-01-28 06:00:00+00:00,-1,2745.95
2025-01-28 09:00:00+00:00,1,2744.0
2025-01-29 03:30:00+00:00,-1,2771.45
2025-01-29 08:30:00+00:00,1,2768.85
2025-01-29 15:30:00+00:00,-1,2796.85
2025-01-29 20:00:00+00:00,1,2792.65
2025-01-30 01:30:00+00:00,-1,2798.2
2025-01-30 04:00:00+00:00,1,2798.1000000000004
2025-01-30 05:00:00+00:00,-1,2797.95
2025-01-30 07:00:00+00:00,1,2800.8
2025-01-30 17:00:00+00:00,-1,2842.2
2025-01-30 18:00:00+00:00,1,2841.85
2025-01-31 01:00:00+00:00,-1,2854.25
2025-01-31 03:30:00+00:00,1,2850.95
2025-01-31 04:30:00+00:00,-1,2850.85
2025-01-31 12:30:00+00:00,1,2844.3500000000004
2025-01-31 17:30:00+00:00,-1,2847.15
2025-02-03 05:30:00+00:00,1,2813.05
2025-02-03 21:30:00+00:00,-1,2855.5
2025-02-04 01:30:00+00:00,1,2851.1
2025-02-04 04:00:00+00:00,-1,2852.2
2025-02-04 12:30:00+00:00,1,2844.4
2025-02-05 13:30:00+00:00,-1,2890.65
2025-02-05 15:00:00+00:00,1,2891.25
2025-02-06 07:00:00+00:00,-1,2884.55
2025-02-06 09:00:00+00:00,1,2877.45
2025-02-06 15:00:00+00:00,-1,2874.1
2025-02-06 16:00:00+00:00,1,2871.75
2025-02-07 05:30:00+00:00,-1,2888.3
2025-02-07 09:30:00+00:00,1,2891.3500000000004
2025-02-07 16:30:00+00:00,-1,2898.95
2025-02-09 23:30:00+00:00,1,2890.15
2025-02-10 17:00:00+00:00,-1,2930.7
2025-02-10 18:30:00+00:00,1,2932.6000000000004
2025-02-11 03:00:00+00:00,-1,2955.45
2025-02-11 06:00:00+00:00,1,2945.5
2025-02-11 07:00:00+00:00,-1,2945.15
2025-02-11 14:00:00+00:00,1,2920.4
2025-02-11 20:30:00+00:00,-1,2928.5
2025-02-12 06:30:00+00:00,1,2913.55
2025-02-12 09:30:00+00:00,-1,2915.1000000000004
2025-02-12 14:30:00+00:00,1,2913.45
2025-02-12 19:30:00+00:00,-1,2925.05
2025-02-12 20:30:00+00:00,1,2923.75
2025-02-13 06:30:00+00:00,-1,2943.6000000000004
2025-02-13 15:00:00+00:00,1,2941.65
2025-02-14 00:30:00+00:00,-1,2957.8500000000004
2025-02-14 01:30:00+00:00,1,2958.25
2025-02-14 02:30:00+00:00,-1,2958.0
2025-02-14 06:00:00+00:00,1,2957.85
2025-02-14 11:30:00+00:00,-1,2959.15
2025-02-17 01:30:00+00:00,1,2899.8
2025-02-17 06:00:00+00:00,-1,2909.3
2025-02-17 09:30:00+00:00,1,2913.8
2025-02-18 01:30:00+00:00,-1,2909.95
2025-02-18 03:00:00+00:00,1,2913.75
2025-02-18 21:00:00+00:00,-1,2953.25
2025-02-19 02:00:00+00:00,1,2952.95
2025-02-19 03:00:00+00:00,-1,2951.3
2025-02-19 06:00:00+00:00,1,2948.45
2025-02-19 12:00:00+00:00,-1,2957.15
2025-02-19 19:30:00+00:00,1,2943.75
2025-02-20 01:30:00+00:00,-1,2955.05
2025-02-20 03:00:00+00:00,1,2957.3
2025-02-20 12:30:00+00:00,-1,2963.75
2025-02-20 16:30:00+00:00,1,2957.1
2025-02-20 19:30:00+00:00,-1,2955.2
2025-02-20 21:30:00+00:00,1,2954.05
2025-02-21 00:30:00+00:00,-1,2955.95
2025-02-21 10:00:00+00:00,1,2941.75
2025-02-21 20:00:00+00:00,-1,2952.95
2025-02-24 03:00:00+00:00,1,2949.15
2025-02-24 14:30:00+00:00,-1,2962.7
2025-02-24 18:30:00+00:00,1,2961.3
2025-02-25 03:30:00+00:00,-1,2962.5
2025-02-25 09:00:00+00:00,1,2949.8999999999996
2025-02-25 12:30:00+00:00,-1,2949.65
2025-02-25 14:00:00+00:00,1,2948.45
2025-02-25 15:00:00+00:00,-1,2949.75
2025-02-25 17:30:00+00:00,1,2911.8500000000004
2025-02-26 04:00:00+00:00,-1,2932.3
2025-02-26 15:30:00+00:00,1,2919.85
2025-02-27 03:00:00+00:00,-1,2923.75
2025-02-27 09:30:00+00:00,1,2898.55
2025-02-27 11:30:00+00:00,-1,2902.75
2025-02-27 18:00:00+00:00,1,2894.65
2025-02-27 20:00:00+00:00,-1,2892.45
2025-02-28 09:30:00+00:00,1,2870.3
2025-02-28 14:00:00+00:00,-1,2864.8500000000004
2025-02-28 16:00:00+00:00,1,2857.1499999999996
2025-03-03 03:00:00+00:00,-1,2879.9
2025-03-03 09:00:00+00:00,1,2876.35
2025-03-03 20:00:00+00:00,-1,2896.7
2025-03-03 21:00:00+00:00,1,2898.6
2025-03-04 06:00:00+00:00,-1,2899.95
2025-03-04 07:30:00+00:00,1,2901.8999999999996
2025-03-04 10:30:00+00:00,-1,2927.0
2025-03-04 11:30:00+00:00,1,2926.3500000000004
2025-03-04 14:30:00+00:00,-1,2930.55
2025-03-04 17:00:00+00:00,1,2921.6
2025-03-05 01:30:00+00:00,-1,2922.55
2025-03-05 06:00:00+00:00,1,2925.1
2025-03-05 13:30:00+00:00,-1,2924.3
2025-03-05 20:00:00+00:00,1,2928.2
2025-03-05 21:30:00+00:00,-1,2930.1499999999996
2025-03-06 01:30:00+00:00,1,2928.1499999999996
2025-03-06 04:00:00+00:00,-1,2930.55
2025-03-06 06:00:00+00:00,1,2927.1499999999996
2025-03-06 07:30:00+00:00,-1,2926.0
2025-03-06 14:30:00+00:00,1,2916.15
2025-03-06 21:00:00+00:00,-1,2920.3500000000004
2025-03-07 05:30:00+00:00,1,2915.95
2025-03-07 16:00:00+00:00,-1,2929.05
2025-03-07 21:00:00+00:00,1,2916.75
2025-03-10 08:00:00+00:00,-1,2918.15
2025-03-10 09:30:00+00:00,1,2914.5
2025-03-10 10:30:00+00:00,-1,2914.8
2025-03-11 02:30:00+00:00,1,2896.8
2025-03-11 20:30:00+00:00,-1,2924.45
2025-03-12 06:00:00+00:00,1,2921.0
2025-03-12 07:00:00+00:00,-1,2919.7
2025-03-12 08:00:00+00:00,1,2918.6499999999996
2025-03-12 10:00:00+00:00,-1,2923.7
2025-03-12 15:00:00+00:00,1,2926.5
2025-03-13 05:30:00+00:00,-1,2951.5
2025-03-13 08:30:00+00:00,1,2947.75
2025-03-14 05:00:00+00:00,-1,3001.1000000000004
2025-03-14 08:00:00+00:00,1,2998.65
2025-03-14 18:30:00+00:00,-1,2996.75
2025-03-17 06:30:00+00:00,1,2995.6499999999996
2025-03-17 08:00:00+00:00,-1,2995.95
2025-03-17 09:30:00+00:00,1,2997.7
2025-03-17 12:00:00+00:00,-1,3005.95
2025-03-17 14:30:00+00:00,1,3001.45
2025-03-17 22:30:00+00:00,-1,3009.4
2025-03-18 03:00:00+00:00,1,3017.8
2025-03-18 09:30:00+00:00,-1,3032.65
2025-03-18 12:00:00+00:00,1,3034.95
2025-03-18 14:00:00+00:00,-1,3040.9
2025-03-18 16:30:00+00:00,1,3041.1
2025-03-18 17:30:00+00:00,-1,3041.5
2025-03-18 19:00:00+00:00,1,3042.1
2025-03-18 20:30:00+00:00,-1,3042.2
2025-03-19 02:30:00+00:00,1,3037.2
2025-03-19 08:00:00+00:00,-1,3044.9
2025-03-19 10:30:00+00:00,1,3040.75
2025-03-19 13:30:00+00:00,-1,3043.6
2025-03-19 18:30:00+00:00,1,3044.45
2025-03-20 05:30:00+00:00,-1,3058.2
2025-03-20 12:30:00+00:00,1,3043.5
2025-03-21 02:00:00+00:00,-1,3046.8500000000004
2025-03-21 12:00:00+00:00,1,3040.2
2025-03-21 13:30:00+00:00,-1,3038.3999999999996
2025-03-21 15:00:00+00:00,1,3016.5
2025-03-24 00:30:00+00:00,-1,3028.8999999999996
2025-03-24 05:30:00+00:00,1,3024.3
2025-03-24 11:30:00+00:00,-1,3033.05
2025-03-24 20:30:00+00:00,1,3015.45
2025-03-24 22:30:00+00:00,-1,3016.8
2025-03-25 03:30:00+00:00,1,3016.85
2025-03-25 12:00:00+00:00,-1,3026.9
2025-03-25 13:30:00+00:00,1,3027.95
2025-03-25 15:00:00+00:00,-1,3032.75
2025-03-25 20:00:00+00:00,1,3024.8500000000004
2025-03-26 03:30:00+00:00,-1,3025.2
2025-03-26 06:00:00+00:00,1,3023.05
2025-03-26 09:00:00+00:00,-1,3029.1
2025-03-26 10:30:00+00:00,1,3026.0
2025-03-26 14:00:00+00:00,-1,3026.55
2025-03-26 18:00:00+00:00,1,3024.15
2025-03-26 19:00:00+00:00,-1,3024.4
2025-03-26 20:30:00+00:00,1,3024.2
2025-03-27 13:30:00+00:00,-1,3053.8
2025-03-27 14:30:00+00:00,1,3055.45
2025-03-28 08:00:00+00:00,-1,3120.7
2025-03-28 11:30:00+00:00,1,3110.75
2025-03-31 00:30:00+00:00,-1,3120.55
2025-03-31 01:30:00+00:00,1,3121.15
2025-03-31 13:30:00+00:00,-1,3153.75
2025-03-31 15:00:00+00:00,1,3152.05
2025-03-31 16:00:00+00:00,-1,3151.85
2025-03-31 18:30:00+00:00,1,3152.3999999999996
2025-04-01 06:00:00+00:00,-1,3167.2
2025-04-01 17:30:00+00:00,1,3143.75
2025-04-01 22:00:00+00:00,-1,3149.85
2025-04-02 00:30:00+00:00,1,3149.1000000000004
2025-04-02 04:00:00+00:00,-1,3156.05
2025-04-02 08:00:00+00:00,1,3150.7
2025-04-02 11:00:00+00:00,-1,3158.95
2025-04-02 12:30:00+00:00,1,3158.55
2025-04-03 00:30:00+00:00,-1,3180.95
2025-04-03 14:00:00+00:00,1,3102.35
2025-04-03 15:30:00+00:00,-1,3138.15
2025-04-03 20:30:00+00:00,1,3129.45
2025-04-04 00:30:00+00:00,-1,3133.15
2025-04-04 09:30:00+00:00,1,3106.8
2025-04-04 13:00:00+00:00,-1,3109.0
2025-04-04 19:30:00+00:00,1,3046.7
2025-04-06 22:30:00+00:00,-1,3047.75
2025-04-07 01:30:00+00:00,1,3021.6
2025-04-07 03:00:00+00:00,-1,3052.7
2025-04-08 01:30:00+00:00,1,3007.75
2025-04-08 16:00:00+00:00,-1,3016.5
2025-04-09 01:30:00+00:00,1,3002.6
2025-04-09 12:30:00+00:00,-1,3074.55
2025-04-09 13:30:00+00:00,1,3075.0
2025-04-09 17:30:00+00:00,-1,3097.5
2025-04-09 19:30:00+00:00,1,3095.8
2025-04-09 22:00:00+00:00,-1,3102.2
2025-04-10 00:30:00+00:00,1,3105.75
2025-04-10 07:30:00+00:00,-1,3133.7
2025-04-10 10:00:00+00:00,1,3129.6
2025-04-11 17:00:00+00:00,-1,3249.85
2025-04-11 20:30:00+00:00,1,3250.6499999999996
2025-04-13 22:30:00+00:00,-1,3245.95
2025-04-14 06:00:00+00:00,1,3243.6
2025-04-14 10:30:00+00:00,-1,3233.75
2025-04-14 11:30:00+00:00,1,3234.4
2025-04-14 12:30:00+00:00,-1,3233.95
2025-04-14 15:00:00+00:00,1,3222.05
2025-04-17 02:00:00+00:00,-1,3353.75
2025-04-17 16:30:00+00:00,1,3317.3999999999996
2025-04-21 04:30:00+00:00,-1,3391.4
2025-04-21 05:30:00+00:00,1,3390.5
2025-04-21 08:00:00+00:00,-1,3401.95
2025-04-21 09:00:00+00:00,1,3402.3999999999996
2025-04-22 00:30:00+00:00,-1,3441.3999999999996
2025-04-22 01:30:00+00:00,1,3443.8
2025-04-22 07:00:00+00:00,-1,3490.9
2025-04-22 17:30:00+00:00,1,3407.7
2025-04-22 18:30:00+00:00,-1,3406.0
2025-04-23 00:30:00+00:00,1,3355.05
2025-04-23 03:00:00+00:00,-1,3371.8999999999996
2025-04-23 09:00:00+00:00,1,3331.05
2025-04-23 13:30:00+00:00,-1,3319.3500000000004
2025-04-23 16:30:00+00:00,1,3300.8
2025-04-23 17:30:00+00:00,-1,3298.95
2025-04-23 19:30:00+00:00,1,3300.1
2025-04-24 03:00:00+00:00,-1,3355.8999999999996
2025-04-24 09:00:00+00:00,1,3345.6000000000004
2025-04-24 13:30:00+00:00,-1,3346.0
2025-04-24 17:30:00+00:00,1,3344.75
2025-04-24 23:30:00+00:00,-1,3370.3999999999996
2025-04-25 07:00:00+00:00,1,3311.25
2025-04-25 13:30:00+00:00,-1,3298.3999999999996
2025-04-25 16:00:00+00:00,1,3291.45
2025-04-28 01:30:00+00:00,-1,3310.0
2025-04-28 03:30:00+00:00,1,3299.0
2025-04-28 22:30:00+00:00,-1,3351.9
2025-04-29 16:30:00+00:00,1,3326.9
2025-04-29 18:00:00+00:00,-1,3331.0
2025-04-30 05:00:00+00:00,1,3316.3999999999996
2025-04-30 08:30:00+00:00,-1,3307.6499999999996
2025-04-30 12:30:00+00:00,1,3291.75
2025-04-30 18:30:00+00:00,-1,3314.8
2025-05-01 11:00:00+00:00,1,3228.9
2025-05-01 12:00:00+00:00,-1,3228.85
2025-05-01 13:00:00+00:00,1,3228.5
2025-05-02 16:00:00+00:00,-1,3250.0
2025-05-02 20:30:00+00:00,1,3244.0
2025-05-05 03:30:00+00:00,-1,3270.65
2025-05-05 08:30:00+00:00,1,3277.3
2025-05-06 00:30:00+00:00,-1,3339.3
2025-05-06 01:30:00+00:00,1,3351.6
2025-05-06 03:00:00+00:00,-1,3382.25
2025-05-06 07:30:00+00:00,1,3376.05
2025-05-06 12:00:00+00:00,-1,3387.45
2025-05-06 13:00:00+00:00,1,3392.5
2025-05-06 22:30:00+00:00,-1,3422.65
2025-05-07 02:30:00+00:00,1,3389.2
2025-05-07 03:30:00+00:00,-1,3390.7
2025-05-07 06:00:00+00:00,1,3395.8
2025-05-08 03:30:00+00:00,-1,3408.25
2025-05-08 12:30:00+00:00,1,3351.85
2025-05-08 16:00:00+00:00,-1,3340.95
2025-05-08 22:30:00+00:00,1,3316.95
2025-05-09 01:30:00+00:00,-1,3311.65
2025-05-09 03:00:00+00:00,1,3300.0
2025-05-09 19:30:00+00:00,-1,3338.45
2025-05-12 03:30:00+00:00,1,3283.1
2025-05-12 04:30:00+00:00,-1,3283.8999999999996
2025-05-12 19:00:00+00:00,1,3231.3
2025-05-13 01:30:00+00:00,-1,3235.7
2025-05-13 05:00:00+00:00,1,3249.2
2025-05-13 12:00:00+00:00,-1,3254.15
2025-05-13 15:00:00+00:00,1,3246.3999999999996
2025-05-13 17:30:00+00:00,-1,3252.6499999999996
2025-05-14 06:00:00+00:00,1,3232.55
2025-05-14 12:00:00+00:00,-1,3232.3
2025-05-14 20:00:00+00:00,1,3179.8999999999996
2025-05-15 02:00:00+00:00,-1,3181.5
2025-05-15 07:00:00+00:00,1,3144.3999999999996
2025-05-16 01:30:00+00:00,-1,3233.55
2025-05-16 15:30:00+00:00,1,3180.3999999999996
2025-05-19 01:30:00+00:00,-1,3237.9
2025-05-20 08:00:00+00:00,1,3219.7
2025-05-21 12:30:00+00:00,-1,3307.65
2025-05-21 15:30:00+00:00,1,3310.95
2025-05-22 04:00:00+00:00,-1,3338.95
2025-05-22 12:00:00+00:00,1,3301.05
2025-05-22 14:00:00+00:00,-1,3301.2
2025-05-22 16:30:00+00:00,1,3296.5
2025-05-23 08:30:00+00:00,-1,3327.8
2025-05-23 12:00:00+00:00,1,3338.8500000000004
2025-05-25 22:00:00+00:00,-1,3357.5
2025-05-26 16:30:00+00:00,1,3339.75
2025-05-27 01:30:00+00:00,-1,3341.15
2025-05-27 17:30:00+00:00,1,3297.85
2025-05-28 03:30:00+00:00,-1,3300.0
2025-05-28 05:30:00+00:00,1,3301.25
2025-05-28 10:30:00+00:00,-1,3319.3
2025-05-28 18:30:00+00:00,1,3296.8
2025-05-28 19:30:00+00:00,-1,3296.5
2025-05-28 22:00:00+00:00,1,3300.05
2025-05-28 23:30:00+00:00,-1,3299.0
2025-05-29 03:00:00+00:00,1,3290.6000000000004
2025-05-29 05:00:00+00:00,-1,3296.3
2025-05-29 07:30:00+00:00,1,3299.6000000000004
2025-05-30 02:30:00+00:00,-1,3329.8
2025-05-30 12:30:00+00:00,1,3319.85
2025-05-30 14:00:00+00:00,-1,3314.55
2025-05-30 15:30:00+00:00,1,3310.15
2025-06-02 09:30:00+00:00,-1,3373.85
2025-06-02 11:30:00+00:00,1,3377.1000000000004
2025-06-03 00:30:00+00:00,-1,3407.45
2025-06-03 17:30:00+00:00,1,3374.75
2025-06-04 03:00:00+00:00,-1,3392.0
2025-06-04 09:00:00+00:00,1,3383.0
2025-06-04 10:30:00+00:00,-1,3383.15
2025-06-04 14:30:00+00:00,1,3388.3500000000004
2025-06-04 19:00:00+00:00,-1,3401.6000000000004
2025-06-05 09:00:00+00:00,1,3397.25
2025-06-05 13:00:00+00:00,-1,3411.55
2025-06-05 22:30:00+00:00,1,3379.55
2025-06-06 05:30:00+00:00,-1,3392.8
2025-06-06 08:30:00+00:00,1,3384.9
2025-06-06 09:30:00+00:00,-1,3384.55
2025-06-09 04:00:00+00:00,1,3328.8
2025-06-09 10:30:00+00:00,-1,3338.5
2025-06-09 15:30:00+00:00,1,3346.55
2025-06-09 19:30:00+00:00,-1,3352.95
2025-06-10 05:30:00+00:00,1,3328.55
2025-06-10 14:30:00+00:00,-1,3359.1
2025-06-10 19:30:00+00:00,1,3346.75
2025-06-10 20:30:00+00:00,-1,3348.15
2025-06-11 00:30:00+00:00,1,3349.7
2025-06-11 09:30:00+00:00,-1,3362.05
2025-06-11 15:00:00+00:00,1,3357.1000000000004
2025-06-11 16:00:00+00:00,-1,3356.3
2025-06-11 18:30:00+00:00,1,3352.75
2025-06-12 08:00:00+00:00,-1,3384.05
2025-06-12 10:30:00+00:00,1,3393.8
2025-06-12 22:30:00+00:00,-1,3405.3
2025-06-13 00:00:00+00:00,1,3409.15
2025-06-13 07:00:00+00:00,-1,3439.95
2025-06-13 08:30:00+00:00,1,3441.35
2025-06-13 20:00:00+00:00,-1,3453.8
2025-06-15 22:30:00+00:00,1,3457.35
2025-06-16 03:00:00+00:00,-1,3459.35
2025-06-16 11:00:00+00:00,1,3436.6499999999996
2025-06-16 12:00:00+00:00,-1,3437.6
2025-06-16 15:30:00+00:00,1,3419.25
2025-06-16 16:30:00+00:00,-1,3420.05
2025-06-16 22:30:00+00:00,1,3405.1499999999996
2025-06-17 03:30:00+00:00,-1,3406.55
2025-06-17 04:30:00+00:00,1,3407.2
2025-06-17 06:30:00+00:00,-1,3408.45
2025-06-17 10:00:00+00:00,1,3403.3
2025-06-17 12:00:00+00:00,-1,3409.3500000000004
2025-06-17 17:30:00+00:00,1,3405.25
2025-06-17 19:00:00+00:00,-1,3405.5
2025-06-17 22:00:00+00:00,1,3406.95
2025-06-18 02:00:00+00:00,-1,3399.35
2025-06-18 03:30:00+00:00,1,3400.55
2025-06-18 05:30:00+00:00,-1,3411.8999999999996
2025-06-18 08:00:00+00:00,1,3402.45
2025-06-18 10:00:00+00:00,-1,3398.85
2025-06-18 16:00:00+00:00,1,3408.3
2025-06-18 17:30:00+00:00,-1,3408.75
2025-06-18 22:30:00+00:00,1,3389.05
2025-06-19 06:00:00+00:00,-1,3384.75
2025-06-19 08:00:00+00:00,1,3377.2
2025-06-19 22:30:00+00:00,-1,3383.3
2025-06-20 09:30:00+00:00,1,3369.45
2025-06-20 18:00:00+00:00,-1,3384.6000000000004
2025-06-22 22:00:00+00:00,1,3387.55
2025-06-23 00:30:00+00:00,-1,3384.7
2025-06-23 02:30:00+00:00,1,3375.3
2025-06-23 04:30:00+00:00,-1,3376.3500000000004
2025-06-23 08:00:00+00:00,1,3372.8500000000004
2025-06-23 12:30:00+00:00,-1,3385.4
2025-06-23 13:30:00+00:00,1,3382.0
2025-06-23 20:00:00+00:00,-1,3392.85
2025-06-24 10:30:00+00:00,1,3337.95
2025-06-24 11:30:00+00:00,-1,3338.55
2025-06-24 15:30:00+00:00,1,3324.3500000000004
2025-06-25 09:30:00+00:00,-1,3339.6
2025-06-25 14:30:00+00:00,1,3332.9
2025-06-26 00:30:00+00:00,-1,3349.6
2025-06-26 02:30:00+00:00,1,3348.15
2025-06-26 04:30:00+00:00,-1,3350.0
2025-06-26 07:00:00+00:00,1,3352.0
2025-06-26 09:30:00+00:00,-1,3356.9
2025-06-26 16:30:00+00:00,1,3340.25
2025-06-26 19:30:00+00:00,-1,3345.4
2025-06-27 20:30:00+00:00,1,3284.7
2025-06-29 22:30:00+00:00,-1,3280.8
2025-06-30 01:30:00+00:00,1,3280.95
2025-06-30 09:00:00+00:00,-1,3301.3
2025-06-30 12:30:00+00:00,1,3292.15
2025-07-01 15:30:00+00:00,-1,3355.2
2025-07-02 03:00:00+00:00,1,3344.1
2025-07-02 06:30:00+00:00,-1,3345.95
2025-07-02 09:30:00+00:00,1,3348.1499999999996
2025-07-02 14:00:00+00:00,-1,3351.2
2025-07-02 16:30:00+00:00,1,3354.3
2025-07-02 23:30:00+00:00,-1,3367.8
2025-07-03 04:30:00+00:00,1,3359.45
2025-07-03 09:30:00+00:00,-1,3362.5
2025-07-03 17:00:00+00:00,1,3340.6
2025-07-03 18:00:00+00:00,-1,3340.8
2025-07-03 23:00:00+00:00,1,3336.8500000000004
2025-07-04 09:30:00+00:00,-1,3349.8500000000004
2025-07-07 14:00:00+00:00,1,3322.35
2025-07-07 23:30:00+00:00,-1,3347.7
2025-07-08 05:30:00+00:00,1,3342.4
2025-07-08 08:30:00+00:00,-1,3339.9
2025-07-08 17:30:00+00:00,1,3311.7
2025-07-09 03:00:00+00:00,-1,3305.0
2025-07-09 12:30:00+00:00,1,3298.1
2025-07-09 23:30:00+00:00,-1,3326.75
2025-07-10 05:00:00+00:00,1,3328.3
2025-07-10 08:00:00+00:00,-1,3332.1499999999996
2025-07-10 09:00:00+00:00,1,3332.7
2025-07-10 12:00:00+00:00,-1,3332.6499999999996
2025-07-10 13:00:00+00:00,1,3331.3999999999996
2025-07-10 14:00:00+00:00,-1,3331.3
2025-07-10 19:00:00+00:00,1,3329.15
2025-07-11 09:00:00+00:00,-1,3347.25
2025-07-11 10:00:00+00:00,1,3348.35
2025-07-11 16:30:00+00:00,-1,3371.5
2025-07-11 18:30:00+00:00,1,3368.55
2025-07-14 01:30:00+00:00,-1,3379.35
2025-07-14 07:00:00+00:00,1,3376.5
2025-07-14 08:30:00+00:00,-1,3379.7
2025-07-14 10:00:00+00:00,1,3380.55
2025-07-14 12:00:00+00:00,-1,3378.25
2025-07-14 17:30:00+00:00,1,3357.6
2025-07-14 20:00:00+00:00,-1,3355.85
2025-07-15 03:30:00+00:00,1,3361.5
2025-07-15 11:00:00+00:00,-1,3371.25
2025-07-15 23:30:00+00:00,1,3334.15
2025-07-16 07:30:00+00:00,-1,3345.25
2025-07-16 08:30:00+00:00,1,3345.6499999999996
2025-07-16 14:00:00+00:00,-1,3338.0
2025-07-16 15:00:00+00:00,1,3340.3500000000004
2025-07-16 19:00:00+00:00,-1,3358.75
2025-07-17 14:30:00+00:00,1,3330.95
2025-07-17 18:00:00+00:00,-1,3343.7
2025-07-18 07:00:00+00:00,1,3345.55
2025-07-18 19:30:00+00:00,-1,3356.8
2025-07-21 00:30:00+00:00,1,3356.75
2025-07-22 00:00:00+00:00,-1,3412.0
2025-07-22 08:30:00+00:00,1,3399.7
2025-07-22 09:30:00+00:00,-1,3399.0
2025-07-22 12:00:00+00:00,1,3399.5
2025-07-23 01:30:00+00:00,-1,3441.2
2025-07-23 09:30:00+00:00,1,3441.2
2025-07-23 10:30:00+00:00,-1,3439.5
2025-07-23 11:30:00+00:00,1,3437.2
2025-07-23 13:00:00+00:00,-1,3432.95
2025-07-23 18:00:00+00:00,1,3400.2
2025-07-24 08:00:00+00:00,-1,3378.25
2025-07-24 14:00:00+00:00,1,3366.8999999999996
2025-07-24 20:30:00+00:00,-1,3373.6000000000004
2025-07-25 00:30:00+00:00,1,3373.05
2025-07-25 01:30:00+00:00,-1,3373.7
2025-07-25 17:30:00+00:00,1,3333.3
2025-07-27 22:00:00+00:00,-1,3336.0
2025-07-28 03:30:00+00:00,1,3336.6499999999996
2025-07-28 08:00:00+00:00,-1,3338.55
2025-07-28 18:30:00+00:00,1,3311.65
2025-07-28 22:00:00+00:00,-1,3314.8999999999996
2025-07-29 01:30:00+00:00,1,3311.05
2025-07-29 03:30:00+00:00,-1,3314.75
2025-07-29 08:30:00+00:00,1,3319.8999999999996
2025-07-29 11:00:00+00:00,-1,3321.2
2025-07-29 14:30:00+00:00,1,3320.25
2025-07-29 16:00:00+00:00,-1,3321.6499999999996
2025-07-29 17:30:00+00:00,1,3322.7
2025-07-30 13:00:00+00:00,-1,3375.05
2025-07-30 17:00:00+00:00,1,3351.8
2025-07-30 19:00:00+00:00,-1,3342.6000000000004
2025-07-31 00:00:00+00:00,1,3331.75
2025-07-31 14:00:00+00:00,-1,3356.7
2025-08-01 03:00:00+00:00,1,3341.5
2025-08-01 08:00:00+00:00,-1,3340.3999999999996
2025-08-01 09:00:00+00:00,1,3342.0
2025-08-04 00:30:00+00:00,-1,3408.8
2025-08-04 03:30:00+00:00,1,3407.3
2025-08-05 02:30:00+00:00,-1,3432.8
2025-08-05 07:30:00+00:00,1,3425.0
2025-08-05 09:00:00+00:00,-1,3422.95
2025-08-05 12:30:00+00:00,1,3411.35
2025-08-06 05:00:00+00:00,-1,3428.7
2025-08-06 13:00:00+00:00,1,3420.8
2025-08-06 20:30:00+00:00,-1,3432.3
2025-08-06 22:30:00+00:00,1,3432.05
2025-08-07 08:30:00+00:00,-1,3458.8999999999996
2025-08-07 20:00:00+00:00,1,3460.0
2025-08-08 08:00:00+00:00,-1,3497.5
2025-08-08 12:30:00+00:00,1,3478.9
2025-08-08 18:00:00+00:00,-1,3477.6499999999996
2025-08-12 00:30:00+00:00,1,3400.25
2025-08-12 06:30:00+00:00,-1,3399.45
2025-08-12 15:30:00+00:00,1,3393.45
2025-08-13 00:30:00+00:00,-1,3398.65
2025-08-13 06:30:00+00:00,1,3402.0
2025-08-13 11:30:00+00:00,-1,3413.8999999999996
2025-08-13 14:00:00+00:00,1,3410.6
2025-08-13 15:30:00+00:00,-1,3410.0
2025-08-13 19:30:00+00:00,1,3405.25
2025-08-14 03:00:00+00:00,-1,3413.0
2025-08-14 09:30:00+00:00,1,3400.1
2025-08-14 16:30:00+00:00,-1,3383.5
2025-08-15 03:00:00+00:00,1,3385.4
2025-08-15 10:30:00+00:00,-1,3386.8999999999996
2025-08-18 00:30:00+00:00,1,3379.0
2025-08-18 13:00:00+00:00,-1,3390.5
2025-08-18 20:00:00+00:00,1,3377.8500000000004
2025-08-19 12:00:00+00:00,-1,3385.3
2025-08-20 03:30:00+00:00,1,3358.1499999999996
2025-08-20 15:30:00+00:00,-1,3387.35
2025-08-20 16:30:00+00:00,1,3387.3
2025-08-20 23:30:00+00:00,-1,3391.5
2025-08-21 12:00:00+00:00,1,3375.9
2025-08-22 02:00:00+00:00,-1,3379.85
2025-08-22 13:30:00+00:00,1,3369.6499999999996
2025-08-24 22:30:00+00:00,-1,3414.8999999999996
2025-08-25 03:00:00+00:00,1,3408.85
2025-08-25 05:30:00+00:00,-1,3409.35
2025-08-25 06:30:00+00:00,1,3409.8
2025-08-25 13:00:00+00:00,-1,3411.3999999999996
2025-08-25 14:00:00+00:00,1,3411.75
2025-08-25 19:30:00+00:00,-1,3414.05
2025-08-26 00:30:00+00:00,1,3411.95
2025-08-26 03:00:00+00:00,-1,3423.75
2025-08-26 04:30:00+00:00,1,3423.2
2025-08-26 09:30:00+00:00,-1,3422.35
2025-08-26 11:30:00+00:00,1,3421.2
2025-08-26 13:00:00+00:00,-1,3422.3999999999996
2025-08-26 15:00:00+00:00,1,3425.1499999999996
2025-08-26 18:00:00+00:00,-1,3431.6499999999996
2025-08-26 19:00:00+00:00,1,3432.55
2025-08-27 01:00:00+00:00,-1,3439.3999999999996
2025-08-27 08:00:00+00:00,1,3428.6000000000004
2025-08-27 10:00:00+00:00,-1,3429.25
2025-08-27 12:30:00+00:00,1,3427.9
2025-08-28 01:00:00+00:00,-1,3449.5
2025-08-28 06:00:00+00:00,1,3445.75
2025-08-28 15:30:00+00:00,-1,3466.3
2025-08-28 16:30:00+00:00,1,3468.8
2025-08-28 22:30:00+00:00,-1,3476.25
2025-08-29 06:00:00+00:00,1,3470.0
2025-08-29 10:00:00+00:00,-1,3468.55
2025-08-29 13:00:00+00:00,1,3471.65
2025-08-29 18:00:00+00:00,-1,3514.1499999999996
2025-08-29 20:00:00+00:00,1,3513.75
2025-09-01 07:30:00+00:00,-1,3546.25
2025-09-01 10:30:00+00:00,1,3541.75
2025-09-02 06:30:00+00:00,-1,3560.9
2025-09-02 15:00:00+00:00,1,3570.3
2025-09-03 03:00:00+00:00,-1,3601.0
2025-09-03 04:30:00+00:00,1,3599.85
2025-09-03 10:00:00+00:00,-1,3605.6000000000004
2025-09-03 11:00:00+00:00,1,3606.9
2025-09-03 19:00:00+00:00,-1,3633.1499999999996
2025-09-04 06:30:00+00:00,1,3592.15
2025-09-04 18:00:00+00:00,-1,3604.1
2025-09-05 00:00:00+00:00,1,3603.8
2025-09-05 06:30:00+00:00,-1,3614.2
2025-09-05 13:00:00+00:00,1,3620.55
2025-09-05 20:30:00+00:00,-1,3644.05
2025-09-08 06:00:00+00:00,1,3628.25
2025-09-08 22:30:00+00:00,-1,3675.3
2025-09-09 00:30:00+00:00,1,3677.0
2025-09-09 06:30:00+00:00,-1,3691.8
2025-09-09 09:00:00+00:00,1,3686.6
2025-09-09 14:30:00+00:00,-1,3696.25
2025-09-09 23:00:00+00:00,1,3668.3
2025-09-10 00:30:00+00:00,-1,3669.3999999999996
2025-09-10 02:00:00+00:00,1,3667.6
2025-09-10 15:00:00+00:00,-1,3688.1
2025-09-10 18:00:00+00:00,1,3684.8
2025-09-10 19:30:00+00:00,-1,3683.15
2025-09-11 00:00:00+00:00,1,3682.5
2025-09-11 02:30:00+00:00,-1,3677.3
2025-09-11 19:30:00+00:00,1,3672.8500000000004
2025-09-12 08:30:00+00:00,-1,3685.1
2025-09-12 10:30:00+00:00,1,3686.15
2025-09-12 11:30:00+00:00,-1,3687.2
2025-09-12 13:30:00+00:00,1,3684.1499999999996
2025-09-12 15:00:00+00:00,-1,3686.75
2025-09-12 17:00:00+00:00,1,3685.85
2025-09-12 19:30:00+00:00,-1,3685.1
2025-09-15 02:00:00+00:00,1,3671.4
2025-09-15 07:00:00+00:00,-1,3676.3999999999996
2025-09-15 08:00:00+00:00,1,3676.8
2025-09-16 01:30:00+00:00,-1,3721.15
2025-09-16 06:30:00+00:00,1,3721.65
2025-09-16 11:00:00+00:00,-1,3733.05
2025-09-16 23:00:00+00:00,1,3729.0
2025-09-17 01:00:00+00:00,-1,3729.3
2025-09-17 13:00:00+00:00,1,3707.5
2025-09-18 00:30:00+00:00,-1,3700.75
2025-09-18 02:30:00+00:00,1,3694.25
2025-09-18 04:00:00+00:00,-1,3694.6
2025-09-18 07:30:00+00:00,1,3678.0
2025-09-18 13:00:00+00:00,-1,3698.55
2025-09-18 16:30:00+00:00,1,3675.6000000000004
2025-09-18 18:00:00+00:00,-1,3676.8500000000004
2025-09-18 20:00:00+00:00,1,3678.05
2025-09-18 22:30:00+00:00,-1,3676.75
2025-09-19 03:30:00+00:00,1,3684.55
2025-09-19 06:00:00+00:00,-1,3688.25
2025-09-19 09:00:00+00:00,1,3687.45
2025-09-19 11:00:00+00:00,-1,3688.95
2025-09-19 13:30:00+00:00,1,3684.3
2025-09-22 12:00:00+00:00,-1,3759.6
2025-09-22 15:00:00+00:00,1,3757.85
2025-09-22 22:30:00+00:00,-1,3780.1000000000004
2025-09-22 23:30:00+00:00,1,3780.2
2025-09-23 02:30:00+00:00,-1,3781.8
2025-09-23 05:30:00+00:00,1,3782.8
2025-09-23 19:00:00+00:00,-1,3803.2
2025-09-24 03:30:00+00:00,1,3792.9
2025-09-24 08:30:00+00:00,-1,3805.7
2025-09-24 20:00:00+00:00,1,3759.75
2025-09-25 01:30:00+00:00,-1,3776.35
2025-09-25 08:00:00+00:00,1,3778.9
2025-09-25 11:30:00+00:00,-1,3785.3500000000004
2025-09-25 17:30:00+00:00,1,3769.1
2025-09-25 20:00:00+00:00,-1,3782.2
2025-09-26 04:00:00+00:00,1,3773.1
2025-09-26 19:30:00+00:00,-1,3804.8
2025-09-29 00:30:00+00:00,1,3803.7
2025-09-29 12:30:00+00:00,-1,3850.3
2025-09-30 00:30:00+00:00,1,3862.4
2025-09-30 07:00:00+00:00,-1,3888.55
2025-09-30 14:00:00+00:00,1,3848.55
2025-09-30 15:30:00+00:00,-1,3870.4
2025-09-30 16:30:00+00:00,1,3869.95
2025-10-01 11:30:00+00:00,-1,3912.35
2025-10-02 01:30:00+00:00,1,3886.9
2025-10-02 14:00:00+00:00,-1,3905.7
2025-10-02 19:00:00+00:00,1,3873.5
2025-10-03 03:00:00+00:00,-1,3876.3
2025-10-03 05:30:00+00:00,1,3872.75
2025-10-06 00:30:00+00:00,-1,3932.3999999999996
2025-10-06 02:00:00+00:00,1,3938.6
2025-10-07 01:00:00+00:00,-1,3988.2
2025-10-07 02:30:00+00:00,1,3985.25
2025-10-07 05:30:00+00:00,-1,3992.2
2025-10-07 09:30:00+00:00,1,3977.1499999999996
2025-10-07 16:00:00+00:00,-1,4000.75
2025-10-07 17:00:00+00:00,1,3999.25
2025-10-08 19:30:00+00:00,-1,4066.8999999999996
2025-10-09 00:30:00+00:00,1,4038.6
2025-10-09 14:00:00+00:00,-1,4056.75
2025-10-09 19:30:00+00:00,1,3981.75
2025-10-10 01:30:00+00:00,-1,4000.15
2025-10-10 08:30:00+00:00,1,3992.6
2025-10-14 06:00:00+00:00,-1,4162.799999999999
2025-10-14 07:30:00+00:00,1,4130.65
2025-10-14 12:30:00+00:00,-1,4138.950000000001
2025-10-14 22:30:00+00:00,1,4164.75
2025-10-15 09:30:00+00:00,-1,4218.3
2025-10-15 19:30:00+00:00,1,4221.0
2025-10-16 05:30:00+00:00,-1,4238.4
2025-10-16 07:30:00+00:00,1,4239.75
2025-10-17 01:30:00+00:00,-1,4357.65
2025-10-17 03:00:00+00:00,1,4349.5
2025-10-17 11:00:00+00:00,-1,4349.5
2025-10-17 18:00:00+00:00,1,4229.45
2025-10-20 05:30:00+00:00,-1,4273.6
2025-10-20 07:30:00+00:00,1,4258.9
2025-10-20 20:30:00+00:00,-1,4379.4
2025-10-21 20:30:00+00:00,1,4130.95
2025-10-22 00:00:00+00:00,-1,4117.05
2025-10-22 18:00:00+00:00,1,4079.2
2025-10-23 19:30:00+00:00,-1,4146.9
2025-10-24 00:30:00+00:00,1,4140.05
2025-10-24 02:00:00+00:00,-1,4138.1
2025-10-24 13:00:00+00:00,1,4086.35
2025-10-24 18:00:00+00:00,-1,4131.55
2025-10-27 01:00:00+00:00,1,4087.8500000000004
2025-10-27 02:30:00+00:00,-1,4093.6499999999996
2025-10-27 05:30:00+00:00,1,4087.55
2025-10-27 07:30:00+00:00,-1,4086.05
2025-10-28 01:00:00+00:00,1,4016.05
2025-10-28 02:30:00+00:00,-1,4016.2
2025-10-28 11:00:00+00:00,1,3924.45
2025-10-28 22:30:00+00:00,-1,3964.0
2025-10-29 00:00:00+00:00,1,3971.1000000000004
2025-10-29 02:30:00+00:00,-1,3978.8999999999996
2025-10-29 06:30:00+00:00,1,3981.8999999999996
2025-10-29 11:30:00+00:00,-1,4034.3
2025-10-29 12:30:00+00:00,1,4034.75
2025-10-29 13:30:00+00:00,-1,4034.4
2025-10-30 00:00:00+00:00,1,3963.1000000000004
2025-10-30 02:30:00+00:00,-1,3956.0
2025-10-30 04:30:00+00:00,1,3960.3
2025-10-30 10:30:00+00:00,-1,4002.2
2025-10-30 14:00:00+00:00,1,3996.6499999999996
2025-10-31 09:00:00+00:00,-1,4028.1
2025-10-31 12:30:00+00:00,1,4025.8
2025-10-31 16:30:00+00:00,-1,4012.55
2025-10-31 18:00:00+00:00,1,4004.7
2025-11-02 23:30:00+00:00,-1,4009.0
2025-11-03 01:30:00+00:00,1,3993.4
2025-11-03 09:30:00+00:00,-1,4021.05
2025-11-03 11:30:00+00:00,1,4013.85
2025-11-03 21:30:00+00:00,-1,4017.1
2025-11-04 03:30:00+00:00,1,3998.25
2025-11-04 05:00:00+00:00,-1,3996.6000000000004
2025-11-04 07:00:00+00:00,1,3987.85
2025-11-04 14:00:00+00:00,-1,3990.15
2025-11-05 03:00:00+00:00,1,3954.7
2025-11-05 09:30:00+00:00,-1,3986.2
2025-11-05 13:30:00+00:00,1,3979.9
2025-11-05 21:00:00+00:00,-1,3995.7
2025-11-06 02:30:00+00:00,1,3985.9
2025-11-06 14:30:00+00:00,-1,4015.55
2025-11-07 07:00:00+00:00,1,4009.05
2025-11-07 17:30:00+00:00,-1,4013.95
2025-11-09 23:30:00+00:00,1,4011.5
2025-11-10 14:00:00+00:00,-1,4103.9
2025-11-10 18:00:00+00:00,1,4108.049999999999
2025-11-11 05:30:00+00:00,-1,4145.700000000001
2025-11-11 09:30:00+00:00,1,4145.9
2025-11-11 14:30:00+00:00,-1,4143.25
2025-11-11 19:30:00+00:00,1,4122.049999999999
2025-11-12 01:00:00+00:00,-1,4144.1
2025-11-12 06:30:00+00:00,1,4115.4
2025-11-12 19:30:00+00:00,-1,4209.15
2025-11-13 03:30:00+00:00,1,4201.6
2025-11-13 11:00:00+00:00,-1,4236.450000000001
2025-11-14 02:30:00+00:00,1,4199.3
2025-11-14 05:30:00+00:00,-1,4199.799999999999
2025-11-14 15:00:00+00:00,1,4065.35
2025-11-17 00:30:00+00:00,-1,4094.1
2025-11-17 07:30:00+00:00,1,4075.2
2025-11-17 11:00:00+00:00,-1,4079.05
2025-11-17 12:00:00+00:00,1,4075.55
2025-11-17 14:00:00+00:00,-1,4075.85
2025-11-17 17:00:00+00:00,1,4070.6
2025-11-17 19:00:00+00:00,-1,4067.75
2025-11-17 21:00:00+00:00,1,4033.6000000000004
2025-11-18 00:00:00+00:00,-1,4041.05
2025-11-18 08:30:00+00:00,1,4019.2
2025-11-19 01:00:00+00:00,-1,4070.1499999999996
2025-11-19 03:00:00+00:00,1,4067.75
2025-11-19 16:00:00+00:00,-1,4108.0
2025-11-19 18:00:00+00:00,1,4078.1
2025-11-20 01:30:00+00:00,-1,4098.7
2025-11-20 12:30:00+00:00,1,4069.5
2025-11-20 16:30:00+00:00,-1,4068.05
2025-11-20 19:30:00+00:00,1,4072.95
2025-11-21 03:00:00+00:00,-1,4061.6000000000004
2025-11-21 09:30:00+00:00,1,4044.8999999999996
2025-11-21 10:30:00+00:00,-1,4042.05
2025-11-21 12:30:00+00:00,1,4039.55
2025-11-21 20:30:00+00:00,-1,4075.7
2025-11-24 06:30:00+00:00,1,4047.4
2025-11-25 07:30:00+00:00,-1,4135.95
2025-11-25 13:30:00+00:00,1,4136.1
2025-11-25 14:30:00+00:00,-1,4136.75
2025-11-25 16:30:00+00:00,1,4130.15
2025-11-25 19:00:00+00:00,-1,4137.950000000001
2025-11-25 23:00:00+00:00,1,4147.5
2025-11-26 06:30:00+00:00,-1,4193.9
2025-11-26 08:00:00+00:00,1,4190.450000000001
2025-11-26 12:30:00+00:00,-1,4199.3
2025-11-26 15:30:00+00:00,1,4189.85
2025-11-27 01:30:00+00:00,-1,4191.9
2025-11-27 05:00:00+00:00,1,4182.15
2025-11-27 09:30:00+00:00,-1,4194.35
2025-11-27 11:30:00+00:00,1,4189.65
2025-11-27 13:00:00+00:00,-1,4187.5
2025-11-27 23:30:00+00:00,1,4193.7
2025-11-28 13:30:00+00:00,-1,4219.35
2025-11-28 14:30:00+00:00,1,4224.0
2025-12-01 05:30:00+00:00,-1,4269.9
2025-12-01 08:00:00+00:00,1,4276.75
2025-12-02 00:00:00+00:00,-1,4261.25
2025-12-02 05:30:00+00:00,1,4250.05
2025-12-02 06:30:00+00:00,-1,4248.4
2025-12-02 11:30:00+00:00,1,4222.9
2025-12-02 15:30:00+00:00,-1,4234.8
2025-12-02 17:00:00+00:00,1,4212.9
2025-12-03 06:00:00+00:00,-1,4246.35
2025-12-03 13:00:00+00:00,1,4241.6
2025-12-03 18:30:00+00:00,-1,4238.45
2025-12-03 20:00:00+00:00,1,4238.7
2025-12-04 02:30:00+00:00,-1,4236.95
2025-12-04 07:00:00+00:00,1,4215.35
2025-12-04 12:30:00+00:00,-1,4225.35
2025-12-04 14:00:00+00:00,1,4227.4
2025-12-05 16:30:00+00:00,-1,4258.05
2025-12-08 00:30:00+00:00,1,4234.2
2025-12-08 13:30:00+00:00,-1,4238.1
2025-12-09 03:30:00+00:00,1,4221.1
2025-12-09 05:00:00+00:00,-1,4218.85
2025-12-09 08:30:00+00:00,1,4212.3
2025-12-09 17:30:00+00:00,-1,4239.85
2025-12-10 01:30:00+00:00,1,4239.35
2025-12-10 03:30:00+00:00,-1,4240.65
2025-12-10 12:00:00+00:00,1,4224.6
2025-12-11 02:30:00+00:00,-1,4260.700000000001
2025-12-11 12:30:00+00:00,1,4243.3
2025-12-11 19:00:00+00:00,-1,4306.05
2025-12-11 21:30:00+00:00,1,4305.55
2025-12-12 15:30:00+00:00,-1,4358.7
2025-12-12 18:00:00+00:00,1,4322.4
2025-12-15 16:30:00+00:00,-1,4338.0
2025-12-15 19:00:00+00:00,1,4337.2
2025-12-16 03:00:00+00:00,-1,4327.2
2025-12-16 12:30:00+00:00,1,4311.6
2025-12-16 16:30:00+00:00,-1,4345.45
2025-12-17 00:30:00+00:00,1,4338.75
2025-12-17 07:00:00+00:00,-1,4360.05
2025-12-17 13:30:00+00:00,1,4356.15
2025-12-18 01:30:00+00:00,-1,4364.5
2025-12-18 14:00:00+00:00,1,4360.45
2025-12-18 17:30:00+00:00,-1,4382.0
2025-12-19 06:00:00+00:00,1,4352.35
2025-12-19 19:00:00+00:00,-1,4382.700000000001
2025-12-21 23:30:00+00:00,1,4374.0
2025-12-23 05:00:00+00:00,-1,4517.15
2025-12-23 07:30:00+00:00,1,4514.95
2025-12-23 14:00:00+00:00,-1,4514.3
2025-12-23 16:00:00+00:00,1,4482.15
2025-12-24 02:30:00+00:00,-1,4544.25
2025-12-24 12:00:00+00:00,1,4518.5
2025-12-24 13:30:00+00:00,-1,4517.15
2025-12-24 17:00:00+00:00,1,4499.55
2025-12-26 11:30:00+00:00,-1,4539.65
2025-12-26 13:30:00+00:00,1,4545.65
2025-12-26 17:30:00+00:00,-1,4562.15
2025-12-29 02:30:00+00:00,1,4531.049999999999
2025-12-29 06:00:00+00:00,-1,4531.1
2025-12-30 02:00:00+00:00,1,4361.9
2025-12-30 06:30:00+00:00,-1,4385.6
2025-12-30 09:30:00+00:00,1,4382.55
2025-12-30 15:00:00+00:00,-1,4395.2
2025-12-31 01:30:00+00:00,1,4362.6
2025-12-31 06:00:00+00:00,-1,4330.4
2025-12-31 07:00:00+00:00,1,4326.9
2025-12-31 10:30:00+00:00,-1,4333.65
2025-12-31 13:30:00+00:00,1,4335.0
2026-01-02 13:30:00+00:00,-1,4393.9
2026-01-05 00:00:00+00:00,1,4360.549999999999
2026-01-05 11:30:00+00:00,-1,4440.575
2026-01-05 15:00:00+00:00,1,4444.674999999999
2026-01-06 00:00:00+00:00,-1,4455.150000000001
2026-01-06 02:00:00+00:00,1,4456.475
2026-01-06 06:00:00+00:00,-1,4474.475
2026-01-06 12:00:00+00:00,1,4468.8
2026-01-07 00:00:00+00:00,-1,4505.625
2026-01-07 08:00:00+00:00,1,4467.1
2026-01-07 12:00:00+00:00,-1,4462.650000000001
2026-01-07 16:30:00+00:00,1,4464.8
2026-01-07 18:00:00+00:00,-1,4466.775000000001
2026-01-07 20:00:00+00:00,1,4465.075
2026-01-08 00:30:00+00:00,-1,4468.175
2026-01-08 07:00:00+00:00,1,4438.425
2026-01-08 12:00:00+00:00,-1,4431.95
2026-01-08 15:30:00+00:00,1,4451.875
2026-01-08 18:30:00+00:00,-1,4466.450000000001
2026-01-08 20:30:00+00:00,1,4470.375
2026-01-08 23:30:00+00:00,-1,4487.4
2026-01-09 02:00:00+00:00,1,4476.375
2026-01-09 03:30:00+00:00,-1,4474.9
2026-01-09 06:30:00+00:00,1,4481.075
2026-01-09 18:00:00+00:00,-1,4507.75
2026-01-09 20:30:00+00:00,1,4511.299999999999
2026-01-12 04:00:00+00:00,-1,4585.55
2026-01-12 09:00:00+00:00,1,4601.625
2026-01-12 20:30:00+00:00,-1,4616.525000000001
2026-01-12 22:30:00+00:00,1,4607.575
2026-01-12 23:30:00+00:00,-1,4608.049999999999
2026-01-13 03:00:00+00:00,1,4600.5
2026-01-13 06:00:00+00:00,-1,4600.775
2026-01-13 08:30:00+00:00,1,4596.65
2026-01-13 10:00:00+00:00,-1,4596.424999999999
2026-01-13 13:00:00+00:00,1,4598.525
2026-01-13 18:00:00+00:00,-1,4609.5
2026-01-13 23:30:00+00:00,1,4597.424999999999
2026-01-14 15:00:00+00:00,-1,4635.375
2026-01-14 18:30:00+00:00,1,4629.45
2026-01-14 23:30:00+00:00,-1,4625.175
2026-01-15 06:00:00+00:00,1,4597.075
2026-01-15 13:30:00+00:00,-1,4612.799999999999
2026-01-15 18:00:00+00:00,1,4619.925
2026-01-15 20:00:00+00:00,-1,4621.200000000001
2026-01-15 21:30:00+00:00,1,4615.525000000001
2026-01-15 23:30:00+00:00,-1,4617.925
2026-01-16 04:30:00+00:00,1,4600.7
2026-01-16 12:30:00+00:00,-1,4612.025
2026-01-16 16:30:00+00:00,1,4582.8
2026-01-19 01:30:00+00:00,-1,4676.799999999999
2026-01-19 12:30:00+00:00,1,4672.65
2026-01-20 10:30:00+00:00,-1,4736.175
2026-01-20 14:00:00+00:00,1,4735.975
2026-01-21 07:00:00+00:00,-1,4859.65
2026-01-21 08:00:00+00:00,1,4854.225
2026-01-21 19:30:00+00:00,-1,4828.200000000001
2026-01-21 21:00:00+00:00,1,4809.725
2026-01-21 23:30:00+00:00,-1,4819.425
2026-01-22 06:00:00+00:00,1,4809.575000000001
2026-01-22 10:00:00+00:00,-1,4829.375
2026-01-22 14:30:00+00:00,1,4829.3
2026-01-23 06:30:00+00:00,-1,4957.674999999999
2026-01-23 10:30:00+00:00,1,4924.25
2026-02-02 18:00:00+00:00,-1,4821.65
2026-02-02 23:30:00+00:00,1,4714.975
2026-02-03 02:30:00+00:00,-1,4826.4
2026-02-03 04:00:00+00:00,1,4819.625
2026-02-03 11:00:00+00:00,-1,4935.925
2026-02-03 13:30:00+00:00,1,4944.65
2026-02-04 09:30:00+00:00,-1,5090.200000000001
2026-02-04 21:30:00+00:00,1,4975.1
2026-02-05 01:30:00+00:00,-1,5016.575000000001
2026-02-05 06:00:00+00:00,1,4894.924999999999
2026-02-05 09:30:00+00:00,-1,4919.05
2026-02-05 16:30:00+00:00,1,4863.125
2026-02-05 20:00:00+00:00,-1,4866.3
2026-02-06 02:30:00+00:00,1,4814.525
2026-02-09 02:00:00+00:00,-1,5025.025
2026-02-09 03:00:00+00:00,1,5023.625
2026-02-09 07:30:00+00:00,-1,5039.3
2026-02-09 08:30:00+00:00,1,5039.525
2026-02-09 10:00:00+00:00,-1,5037.075000000001
2026-02-09 11:30:00+00:00,1,5021.200000000001
2026-02-09 18:00:00+00:00,-1,5084.400000000001
2026-02-09 19:00:00+00:00,1,5085.3
2026-02-09 21:30:00+00:00,-1,5093.575
2026-02-10 14:00:00+00:00,1,5069.05
2026-02-10 16:00:00+00:00,-1,5049.25
2026-02-10 19:30:00+00:00,1,5041.799999999999
2026-02-11 12:30:00+00:00,-1,5124.900000000001
2026-02-11 17:00:00+00:00,1,5090.35
2026-02-11 23:30:00+00:00,-1,5101.275
2026-02-12 05:00:00+00:00,1,5083.299999999999
2026-02-12 06:30:00+00:00,-1,5084.525000000001
2026-02-13 00:30:00+00:00,1,4945.95
2026-02-13 06:00:00+00:00,-1,4982.825
2026-02-13 12:30:00+00:00,1,4979.225
2026-02-16 02:30:00+00:00,-1,5042.549999999999
2026-02-16 05:30:00+00:00,1,5000.400000000001
2026-02-16 15:00:00+00:00,-1,5009.675
2026-02-16 16:30:00+00:00,1,5004.6
2026-02-17 00:30:00+00:00,-1,5003.700000000001
2026-02-17 07:00:00+00:00,1,4921.525
2026-02-17 13:30:00+00:00,-1,4946.375
2026-02-17 18:30:00+00:00,1,4892.875
2026-02-17 22:30:00+00:00,-1,4891.625
2026-02-18 01:00:00+00:00,1,4890.825000000001
2026-02-18 08:30:00+00:00,-1,4947.75
2026-02-18 12:30:00+00:00,1,4937.700000000001
2026-02-18 18:30:00+00:00,-1,5014.175
2026-02-19 04:00:00+00:00,1,4993.975
2026-02-19 09:30:00+00:00,-1,5026.725
2026-02-19 20:30:00+00:00,1,5011.4
2026-02-20 07:30:00+00:00,-1,5037.75
2026-02-20 09:00:00+00:00,1,5043.225
2026-02-20 12:00:00+00:00,-1,5044.2
2026-02-20 13:00:00+00:00,1,5042.575
2026-02-23 04:30:00+00:00,-1,5185.675
2026-02-23 09:30:00+00:00,1,5163.35
2026-02-23 22:30:00+00:00,-1,5247.875
2026-02-23 23:30:00+00:00,1,5250.575000000001
2026-02-24 00:30:00+00:00,-1,5252.65
2026-02-24 03:00:00+00:00,1,5201.225
2026-02-24 04:00:00+00:00,-1,5198.275000000001
2026-02-24 17:30:00+00:00,1,5171.775
2026-02-24 21:30:00+00:00,-1,5175.075000000001
2026-02-25 01:30:00+00:00,1,5183.375
2026-02-25 10:30:00+00:00,-1,5202.45
2026-02-25 12:00:00+00:00,1,5195.575
2026-02-25 18:00:00+00:00,-1,5227.025
2026-02-25 19:00:00+00:00,1,5227.025
2026-02-25 20:00:00+00:00,-1,5226.4
2026-02-26 00:30:00+00:00,1,5195.525000000001
2026-02-26 07:30:00+00:00,-1,5206.75
2026-02-26 12:30:00+00:00,1,5192.85
2026-02-26 13:30:00+00:00,-1,5193.85
2026-02-26 19:00:00+00:00,1,5179.875
2026-02-27 07:00:00+00:00,-1,5207.75
2026-02-27 12:00:00+00:00,1,5197.900000000001
2026-03-02 01:00:00+00:00,-1,5362.35
2026-03-02 03:00:00+00:00,1,5353.4
2026-03-02 09:00:00+00:00,-1,5416.2
2026-03-02 19:00:00+00:00,1,5325.075
2026-03-02 22:30:00+00:00,-1,5340.525
2026-03-02 23:30:00+00:00,1,5339.65
2026-03-03 05:30:00+00:00,-1,5373.95
2026-03-04 23:00:00+00:00,1,5155.0
2026-03-05 06:00:00+00:00,-1,5171.125
2026-03-05 07:00:00+00:00,1,5166.425
2026-03-05 10:00:00+00:00,-1,5171.55
2026-03-05 11:00:00+00:00,1,5171.6
2026-03-05 13:30:00+00:00,-1,5159.375
2026-03-05 20:30:00+00:00,1,5080.825000000001
2026-03-06 06:00:00+00:00,-1,5131.375
2026-03-06 15:30:00+00:00,1,5126.650000000001
2026-03-06 17:00:00+00:00,-1,5128.8
2026-03-06 19:00:00+00:00,1,5132.175
2026-03-09 00:00:00+00:00,-1,5123.525
2026-03-09 01:30:00+00:00,1,5069.325
2026-03-09 07:00:00+00:00,-1,5120.35
2026-03-09 18:30:00+00:00,1,5111.075000000001
2026-03-16 00:00:00+00:00,-1,5080.325
2026-03-16 04:00:00+00:00,1,5018.8
2026-03-16 05:00:00+00:00,-1,5021.225
2026-03-16 11:00:00+00:00,1,4998.225
2026-03-16 14:30:00+00:00,-1,5022.225
2026-03-16 18:30:00+00:00,1,5006.825
2026-03-16 21:30:00+00:00,-1,5013.9
2026-03-16 23:30:00+00:00,1,5011.475
2026-03-17 00:30:00+00:00,-1,5011.525
2026-03-17 01:30:00+00:00,1,5013.5
2026-03-17 06:00:00+00:00,-1,5031.924999999999
2026-03-18 06:00:00+00:00,1,4997.5
2026-03-18 08:00:00+00:00,-1,5005.825000000001
2026-03-18 17:00:00+00:00,1,4887.65
2026-03-18 19:00:00+00:00,-1,4875.075000000001
2026-03-19 19:00:00+00:00,1,4623.799999999999
2026-03-19 23:00:00+00:00,-1,4651.5
2026-03-20 01:30:00+00:00,1,4662.525
2026-03-20 06:00:00+00:00,-1,4706.7
2026-03-20 08:00:00+00:00,1,4696.349999999999
2026-03-20 09:00:00+00:00,-1,4702.25
2026-03-20 12:00:00+00:00,1,4671.65
2026-03-20 14:00:00+00:00,-1,4638.65
2026-03-23 23:00:00+00:00,1,4424.275000000001
2026-03-24 00:30:00+00:00,-1,4406.65
2026-03-24 06:30:00+00:00,1,4375.3
2026-03-24 13:00:00+00:00,-1,4393.45
2026-03-24 14:30:00+00:00,1,4389.35
2026-03-24 17:30:00+00:00,-1,4405.225
2026-03-24 20:30:00+00:00,1,4428.225
2026-03-27 17:00:00+00:00,-1,4537.725
2026-03-27 18:30:00+00:00,1,4501.0
2026-03-30 00:30:00+00:00,-1,4490.7
2026-03-30 03:00:00+00:00,1,4506.025
2026-03-30 14:00:00+00:00,-1,4577.3
2026-03-31 01:00:00+00:00,1,4558.224999999999
2026-03-31 03:00:00+00:00,-1,4608.05
2026-03-31 08:30:00+00:00,1,4596.825000000001
2026-03-31 09:30:00+00:00,-1,4595.275000000001
2026-03-31 11:30:00+00:00,1,4594.75
2026-03-31 21:30:00+00:00,-1,4698.15
2026-04-01 00:00:00+00:00,1,4716.825
2026-04-01 04:00:00+00:00,-1,4708.375
2026-04-01 05:30:00+00:00,1,4709.0
2026-04-01 18:00:00+00:00,-1,4806.075000000001
2026-04-02 00:00:00+00:00,1,4791.875
2026-04-02 01:30:00+00:00,-1,4774.5
2026-04-02 07:30:00+00:00,1,4639.75
2026-04-05 22:00:00+00:00,-1,4695.25
2026-04-06 02:30:00+00:00,1,4668.650000000001
2026-04-06 03:30:00+00:00,-1,4668.825000000001
2026-04-06 04:30:00+00:00,1,4667.725
2026-04-06 15:30:00+00:00,-1,4698.625
2026-04-07 00:00:00+00:00,1,4675.475
2026-04-07 05:30:00+00:00,-1,4673.35
2026-04-07 08:30:00+00:00,1,4687.900000000001
2026-04-07 10:00:00+00:00,-1,4707.025
2026-04-07 16:00:00+00:00,1,4678.85
2026-04-08 03:00:00+00:00,-1,4835.875
2026-04-08 05:30:00+00:00,1,4838.924999999999
2026-04-08 07:00:00+00:00,-1,4847.950000000001
2026-04-08 20:00:00+00:00,1,4745.075000000001
2026-04-08 21:30:00+00:00,-1,4745.725
2026-04-09 10:30:00+00:00,1,4759.5
2026-04-10 09:30:00+00:00,-1,4785.125
2026-04-10 10:30:00+00:00,1,4776.924999999999
2026-04-10 16:00:00+00:00,-1,4791.674999999999
2026-04-13 00:00:00+00:00,1,4684.575000000001
2026-04-13 09:00:00+00:00,-1,4752.1
2026-04-13 13:00:00+00:00,1,4744.125
2026-04-14 05:30:00+00:00,-1,4791.575
2026-04-14 08:30:00+00:00,1,4804.25
2026-04-15 02:30:00+00:00,-1,4861.325
2026-04-15 13:30:00+00:00,1,4838.3
2026-04-15 15:00:00+00:00,-1,4841.3
2026-04-15 22:30:00+00:00,1,4817.075
2026-04-16 06:00:00+00:00,-1,4852.475
2026-04-16 11:00:00+00:00,1,4836.9
2026-04-16 14:00:00+00:00,-1,4832.349999999999
2026-04-16 22:30:00+00:00,1,4809.55
2026-04-17 01:30:00+00:00,-1,4812.1
2026-04-17 05:00:00+00:00,1,4819.35
2026-04-17 06:00:00+00:00,-1,4819.225
2026-04-17 09:00:00+00:00,1,4813.225
2026-04-17 10:30:00+00:00,-1,4811.85
2026-04-17 11:30:00+00:00,1,4811.7
2026-04-17 17:30:00+00:00,-1,4886.35
2026-04-19 17:30:00+00:00,1,4854.325
2026-04-19 22:00:00+00:00,-1,4836.925
2026-04-20 01:00:00+00:00,1,4787.9
2026-04-20 02:30:00+00:00,-1,4821.45
2026-04-20 07:00:00+00:00,1,4812.975
2026-04-20 08:00:00+00:00,-1,4812.549999999999
2026-04-20 09:00:00+00:00,1,4811.625
2026-04-21 02:00:00+00:00,-1,4831.525000000001
2026-04-21 21:30:00+00:00,1,4731.625
2026-04-22 08:00:00+00:00,-1,4781.125
2026-04-22 17:30:00+00:00,1,4751.625
2026-04-22 22:30:00+00:00,-1,4754.575
2026-04-23 00:30:00+00:00,1,4752.35
2026-04-23 01:30:00+00:00,-1,4755.575000000001
2026-04-23 08:00:00+00:00,1,4731.675
2026-04-23 09:00:00+00:00,-1,4728.225
2026-04-23 12:00:00+00:00,1,4728.975
2026-04-23 16:00:00+00:00,-1,4742.7
